folder,seed,K_r_lmp,K_theta_lmp,k_phys,alpha_hat_dump,alpha_hat_temp,k_hat_dump,k_hat_temp,dump_bond_idx,N_frames
k_r0.2_k_theta1.0Seed54654651,54654651,0.2,1.0,0.4,9.14039098284885,9.042607432820127,18.2807819656977,18.085214865640253,1,8001
k_r0.2_k_theta1.0Seed54654653,54654653,0.2,1.0,0.4,9.254009000952035,9.180227406284324,18.50801800190407,18.360454812568648,1,8001
k_r0.2_k_theta1.0Seed54654659,54654659,0.2,1.0,0.4,9.800139034096558,9.71693020720368,19.600278068193116,19.43386041440736,0,8001
k_r0.2_k_theta1.0Seed54654661,54654661,0.2,1.0,0.4,9.287338541636784,9.312048330765426,18.574677083273567,18.624096661530853,0,8001
k_r0.2_k_theta1.0Seed54654685,54654685,0.2,1.0,0.4,9.742744385109168,9.565088946118495,19.485488770218335,19.13017789223699,1,8001
k_r0.2_k_theta10.0Seed54654651,54654651,0.2,10.0,0.4,8.986603778571542,8.806570187532582,17.973207557143084,17.613140375065164,1,8001
k_r0.2_k_theta10.0Seed54654653,54654653,0.2,10.0,0.4,9.045531762973086,8.866230130275843,18.091063525946172,17.732460260551687,1,8001
k_r0.2_k_theta10.0Seed54654659,54654659,0.2,10.0,0.4,9.52526454724055,9.474639776625054,19.0505290944811,18.949279553250108,0,8001
k_r0.2_k_theta10.0Seed54654661,54654661,0.2,10.0,0.4,9.415530083009005,9.440357108989623,18.83106016601801,18.880714217979246,1,8001
k_r0.2_k_theta10.0Seed54654685,54654685,0.2,10.0,0.4,9.55321116275327,9.615628452315045,19.10642232550654,19.23125690463009,1,8001
k_r0.2_k_theta13.0Seed54654651,54654651,0.2,13.0,0.4,9.498011253779596,9.477564158859442,18.996022507559193,18.955128317718884,1,8001
k_r0.2_k_theta13.0Seed54654653,54654653,0.2,13.0,0.4,8.722730683559265,8.744231370463599,17.44546136711853,17.488462740927197,0,8001
k_r0.2_k_theta13.0Seed54654659,54654659,0.2,13.0,0.4,9.737160660285804,9.64056336117114,19.474321320571608,19.28112672234228,1,8001
k_r0.2_k_theta13.0Seed54654661,54654661,0.2,13.0,0.4,9.169216682105846,9.439989825885355,18.338433364211692,18.87997965177071,1,8001
k_r0.2_k_theta13.0Seed54654685,54654685,0.2,13.0,0.4,9.685139563662087,9.73633586943203,19.370279127324174,19.47267173886406,1,8001
k_r0.2_k_theta4.0Seed54654651,54654651,0.2,4.0,0.4,8.832001285928184,8.73017842585325,17.66400257185637,17.4603568517065,1,8001
k_r0.2_k_theta4.0Seed54654653,54654653,0.2,4.0,0.4,9.230771249582364,9.19326531454022,18.46154249916473,18.38653062908044,0,8001
k_r0.2_k_theta4.0Seed54654659,54654659,0.2,4.0,0.4,9.730829347348742,9.897382418693354,19.461658694697483,19.794764837386708,1,8001
k_r0.2_k_theta4.0Seed54654661,54654661,0.2,4.0,0.4,9.623298795706962,9.56834603453656,19.246597591413924,19.13669206907312,1,8001
k_r0.2_k_theta4.0Seed54654685,54654685,0.2,4.0,0.4,9.793621316330455,9.810365693773921,19.58724263266091,19.620731387547842,1,8001
k_r0.2_k_theta7.0Seed54654651,54654651,0.2,7.0,0.4,9.429204267153578,9.498400209676742,18.858408534307156,18.996800419353484,1,8001
k_r0.2_k_theta7.0Seed54654653,54654653,0.2,7.0,0.4,9.182076235145484,9.100855202941865,18.364152470290968,18.20171040588373,1,8001
k_r0.2_k_theta7.0Seed54654659,54654659,0.2,7.0,0.4,9.815442125221043,9.871270199098378,19.630884250442087,19.742540398196756,0,8001
k_r0.2_k_theta7.0Seed54654661,54654661,0.2,7.0,0.4,9.187389203366026,9.128334504534662,18.37477840673205,18.256669009069324,0,8001
k_r0.2_k_theta7.0Seed54654685,54654685,0.2,7.0,0.4,9.73797475423475,9.804997126392697,19.4759495084695,19.609994252785395,0,8001
k_r1.2_k_theta1.0Seed54654651,54654651,1.2,1.0,2.4,9.324687239010608,9.083111508962839,18.649374478021215,18.166223017925677,1,8001
k_r1.2_k_theta1.0Seed54654653,54654653,1.2,1.0,2.4,9.450136465882991,9.37254394046085,18.900272931765983,18.7450878809217,1,8001
k_r1.2_k_theta1.0Seed54654659,54654659,1.2,1.0,2.4,9.92250315865755,9.70630140494177,19.8450063173151,19.41260280988354,0,8001
k_r1.2_k_theta1.0Seed54654661,54654661,1.2,1.0,2.4,9.471102297677955,9.486772874503798,18.94220459535591,18.973545749007595,0,8001
k_r1.2_k_theta1.0Seed54654685,54654685,1.2,1.0,2.4,9.858915839974927,9.701205914076064,19.717831679949853,19.40241182815213,1,8001
k_r1.2_k_theta10.0Seed54654651,54654651,1.2,10.0,2.4,9.220971902273055,9.082745299645666,18.44194380454611,18.16549059929133,1,8001
k_r1.2_k_theta10.0Seed54654653,54654653,1.2,10.0,2.4,9.078705539467688,8.994374028526329,18.157411078935375,17.988748057052657,0,8001
k_r1.2_k_theta10.0Seed54654659,54654659,1.2,10.0,2.4,9.576174922532042,9.5336141414313,19.152349845064084,19.0672282828626,1,8001
k_r1.2_k_theta10.0Seed54654661,54654661,1.2,10.0,2.4,9.734612917725542,9.722314682773623,19.469225835451084,19.444629365547247,1,8001
k_r1.2_k_theta10.0Seed54654685,54654685,1.2,10.0,2.4,9.61556631190574,9.864547417728941,19.23113262381148,19.729094835457882,0,8001
k_r1.2_k_theta13.0Seed54654651,54654651,1.2,13.0,2.4,9.409451789293902,9.56289858219532,18.818903578587804,19.12579716439064,0,8001
k_r1.2_k_theta13.0Seed54654653,54654653,1.2,13.0,2.4,8.981664435358233,8.972804490049,17.963328870716467,17.945608980098,0,8001
k_r1.2_k_theta13.0Seed54654659,54654659,1.2,13.0,2.4,9.715916794824112,9.772732234356681,19.431833589648225,19.545464468713362,1,8001
k_r1.2_k_theta13.0Seed54654661,54654661,1.2,13.0,2.4,9.566513770189987,9.54900302967689,19.133027540379974,19.09800605935378,1,8001
k_r1.2_k_theta13.0Seed54654685,54654685,1.2,13.0,2.4,9.472865452695363,9.586184144564951,18.945730905390725,19.172368289129903,1,8001
k_r1.2_k_theta4.0Seed54654651,54654651,1.2,4.0,2.4,9.085221056588711,8.858469166627783,18.170442113177423,17.716938333255566,1,8001
k_r1.2_k_theta4.0Seed54654653,54654653,1.2,4.0,2.4,9.423774915521898,9.407146554675572,18.847549831043796,18.814293109351144,1,8001
k_r1.2_k_theta4.0Seed54654659,54654659,1.2,4.0,2.4,9.885126578558427,9.968945315720266,19.770253157116855,19.93789063144053,0,8001
k_r1.2_k_theta4.0Seed54654661,54654661,1.2,4.0,2.4,9.67275533708628,9.500554380404166,19.34551067417256,19.001108760808332,1,8001
k_r1.2_k_theta4.0Seed54654685,54654685,1.2,4.0,2.4,9.826157454368134,9.794591937306683,19.65231490873627,19.589183874613365,1,8001
k_r1.2_k_theta7.0Seed54654651,54654651,1.2,7.0,2.4,9.156051353088762,9.017763487018525,18.312102706177523,18.03552697403705,1,8001
k_r1.2_k_theta7.0Seed54654653,54654653,1.2,7.0,2.4,9.32448275251536,9.190076605376683,18.64896550503072,18.380153210753367,0,8001
k_r1.2_k_theta7.0Seed54654659,54654659,1.2,7.0,2.4,9.923242297906846,9.837367389986133,19.846484595813692,19.674734779972265,1,8001
k_r1.2_k_theta7.0Seed54654661,54654661,1.2,7.0,2.4,9.31473236558621,9.29281686668944,18.62946473117242,18.58563373337888,1,8001
k_r1.2_k_theta7.0Seed54654685,54654685,1.2,7.0,2.4,9.780001095280847,9.795829854163236,19.560002190561693,19.59165970832647,1,8001
k_r2.2_k_theta1.0Seed54654651,54654651,2.2,1.0,4.4,9.272993800402887,9.148096172633458,18.545987600805773,18.296192345266917,1,8001
k_r2.2_k_theta1.0Seed54654653,54654653,2.2,1.0,4.4,9.509989260049272,9.408996877041336,19.019978520098544,18.81799375408267,1,8001
k_r2.2_k_theta1.0Seed54654659,54654659,2.2,1.0,4.4,9.950666001141535,9.876168091228577,19.90133200228307,19.752336182457153,0,8001
k_r2.2_k_theta1.0Seed54654661,54654661,2.2,1.0,4.4,9.396816984340244,9.390300512466613,18.79363396868049,18.780601024933226,0,8001
k_r2.2_k_theta1.0Seed54654685,54654685,2.2,1.0,4.4,9.827503385279208,9.55797881952748,19.655006770558415,19.11595763905496,1,8001
k_r2.2_k_theta10.0Seed54654651,54654651,2.2,10.0,4.4,9.498277970734943,9.289677616318649,18.996555941469886,18.579355232637297,1,8001
k_r2.2_k_theta10.0Seed54654653,54654653,2.2,10.0,4.4,9.261015420410706,9.068212090981092,18.52203084082141,18.136424181962184,1,8001
k_r2.2_k_theta10.0Seed54654659,54654659,2.2,10.0,4.4,9.779430951187265,9.649578670365647,19.55886190237453,19.299157340731295,0,8001
k_r2.2_k_theta10.0Seed54654661,54654661,2.2,10.0,4.4,9.69120965542608,9.533322992880903,19.38241931085216,19.066645985761806,1,8001
k_r2.2_k_theta10.0Seed54654685,54654685,2.2,10.0,4.4,9.731763962692368,9.712548791358806,19.463527925384735,19.425097582717612,1,8001
k_r2.2_k_theta13.0Seed54654651,54654651,2.2,13.0,4.4,9.409769389856786,9.361187376599416,18.81953877971357,18.72237475319883,0,8001
k_r2.2_k_theta13.0Seed54654653,54654653,2.2,13.0,4.4,9.322330049294553,9.170837561925126,18.644660098589107,18.34167512385025,0,8001
k_r2.2_k_theta13.0Seed54654659,54654659,2.2,13.0,4.4,9.914584041480039,9.829994396886693,19.829168082960077,19.659988793773387,1,8001
k_r2.2_k_theta13.0Seed54654661,54654661,2.2,13.0,4.4,9.729896088076357,9.757958445027436,19.459792176152714,19.51591689005487,1,8001
k_r2.2_k_theta13.0Seed54654685,54654685,2.2,13.0,4.4,9.637573060510153,9.539728160499902,19.275146121020306,19.079456320999803,1,8001
k_r2.2_k_theta4.0Seed54654651,54654651,2.2,4.0,4.4,9.21488165507167,8.876556250729031,18.42976331014334,17.753112501458062,1,8001
k_r2.2_k_theta4.0Seed54654653,54654653,2.2,4.0,4.4,9.456577609056703,9.461330556627713,18.913155218113406,18.922661113255426,1,8001
k_r2.2_k_theta4.0Seed54654659,54654659,2.2,4.0,4.4,9.942310973145235,9.950486211939374,19.88462194629047,19.90097242387875,0,8001
k_r2.2_k_theta4.0Seed54654661,54654661,2.2,4.0,4.4,9.678708108516165,9.545833410569646,19.35741621703233,19.09166682113929,1,8001
k_r2.2_k_theta4.0Seed54654685,54654685,2.2,4.0,4.4,9.791075472766009,9.60674721230965,19.582150945532018,19.2134944246193,0,8001
k_r2.2_k_theta7.0Seed54654651,54654651,2.2,7.0,4.4,9.351106630796972,9.11641568568721,18.702213261593943,18.23283137137442,1,8001
k_r2.2_k_theta7.0Seed54654653,54654653,2.2,7.0,4.4,9.030216056583827,8.949218783736471,18.060432113167654,17.898437567472943,0,8001
k_r2.2_k_theta7.0Seed54654659,54654659,2.2,7.0,4.4,9.874119079643561,9.869858515380502,19.748238159287123,19.739717030761003,0,8001
k_r2.2_k_theta7.0Seed54654661,54654661,2.2,7.0,4.4,9.59227581675229,9.498894095185543,19.18455163350458,18.997788190371086,1,8001
k_r2.2_k_theta7.0Seed54654685,54654685,2.2,7.0,4.4,9.722970431824898,9.716206941509714,19.445940863649795,19.43241388301943,1,8001
k_r3.2_k_theta1.0Seed54654651,54654651,3.2,1.0,6.4,9.395698581761547,9.25623279819007,18.791397163523094,18.51246559638014,1,8001
k_r3.2_k_theta1.0Seed54654653,54654653,3.2,1.0,6.4,9.552155998221597,9.391190471865519,19.104311996443194,18.782380943731038,1,8001
k_r3.2_k_theta1.0Seed54654659,54654659,3.2,1.0,6.4,9.849721569430505,9.626536025665747,19.69944313886101,19.253072051331493,0,8001
k_r3.2_k_theta1.0Seed54654661,54654661,3.2,1.0,6.4,9.193582554654151,9.260853035682072,18.387165109308302,18.521706071364143,1,8001
k_r3.2_k_theta1.0Seed54654685,54654685,3.2,1.0,6.4,9.821266733846015,9.59784536383821,19.64253346769203,19.19569072767642,1,8001
k_r3.2_k_theta10.0Seed54654651,54654651,3.2,10.0,6.4,9.262984571001288,9.126239480494283,18.525969142002577,18.252478960988565,1,8001
k_r3.2_k_theta10.0Seed54654653,54654653,3.2,10.0,6.4,9.10062225900903,8.875066866428163,18.20124451801806,17.750133732856327,1,8001
k_r3.2_k_theta10.0Seed54654659,54654659,3.2,10.0,6.4,9.820203592391596,9.769871483883932,19.640407184783193,19.539742967767864,0,8001
k_r3.2_k_theta10.0Seed54654661,54654661,3.2,10.0,6.4,9.808489223966335,9.637721534344456,19.61697844793267,19.27544306868891,1,8001
k_r3.2_k_theta10.0Seed54654685,54654685,3.2,10.0,6.4,9.688387682651795,9.713647385113468,19.37677536530359,19.427294770226936,1,8001
k_r3.2_k_theta13.0Seed54654651,54654651,3.2,13.0,6.4,9.67144818977484,9.22963899387959,19.34289637954968,18.45927798775918,1,8001
k_r3.2_k_theta13.0Seed54654653,54654653,3.2,13.0,6.4,8.822025316131867,8.645021243385457,17.644050632263735,17.290042486770915,0,8001
k_r3.2_k_theta13.0Seed54654659,54654659,3.2,13.0,6.4,9.744433846679438,9.649547903709971,19.488867693358877,19.299095807419942,1,8001
k_r3.2_k_theta13.0Seed54654661,54654661,3.2,13.0,6.4,9.63950728467154,9.605125021279918,19.27901456934308,19.210250042559835,0,8001
k_r3.2_k_theta13.0Seed54654685,54654685,3.2,13.0,6.4,9.702576397718403,9.711131590117951,19.405152795436805,19.422263180235902,1,8001
k_r3.2_k_theta4.0Seed54654651,54654651,3.2,4.0,6.4,9.599817053258759,9.215696203441686,19.199634106517518,18.431392406883372,1,8001
k_r3.2_k_theta4.0Seed54654653,54654653,3.2,4.0,6.4,9.53776678512595,9.456076004700517,19.0755335702519,18.912152009401034,1,8001
k_r3.2_k_theta4.0Seed54654659,54654659,3.2,4.0,6.4,9.768136177315734,9.664739590500252,19.536272354631468,19.329479181000504,1,8001
k_r3.2_k_theta4.0Seed54654661,54654661,3.2,4.0,6.4,9.982927208266444,9.659109707307405,19.96585441653289,19.31821941461481,1,8001
k_r3.2_k_theta4.0Seed54654685,54654685,3.2,4.0,6.4,9.901966144872336,9.85709817538655,19.803932289744672,19.7141963507731,0,8001
k_r3.2_k_theta7.0Seed54654651,54654651,3.2,7.0,6.4,9.291440604259934,9.01416326942661,18.58288120851987,18.02832653885322,1,8001
k_r3.2_k_theta7.0Seed54654653,54654653,3.2,7.0,6.4,9.10343167856955,9.030281971863383,18.2068633571391,18.060563943726766,0,8001
k_r3.2_k_theta7.0Seed54654659,54654659,3.2,7.0,6.4,10.097336726033873,9.960357860988642,20.194673452067747,19.920715721977285,0,8001
k_r3.2_k_theta7.0Seed54654661,54654661,3.2,7.0,6.4,9.45243984644378,9.38905081679653,18.90487969288756,18.77810163359306,1,8001
k_r3.2_k_theta7.0Seed54654685,54654685,3.2,7.0,6.4,9.751128900462914,9.67339445651586,19.50225780092583,19.34678891303172,1,8001
k_r4.2_k_theta1.0Seed54654651,54654651,4.2,1.0,8.4,9.460309074976154,9.185173689087936,18.920618149952308,18.37034737817587,1,8001
k_r4.2_k_theta1.0Seed54654653,54654653,4.2,1.0,8.4,9.439386746319032,9.05523047979216,18.878773492638064,18.11046095958432,1,8001
k_r4.2_k_theta1.0Seed54654659,54654659,4.2,1.0,8.4,9.762820747099086,9.648638380391724,19.525641494198172,19.297276760783447,0,8001
k_r4.2_k_theta1.0Seed54654661,54654661,4.2,1.0,8.4,9.811969868497469,9.64492941222164,19.623939736994938,19.28985882444328,0,8001
k_r4.2_k_theta1.0Seed54654685,54654685,4.2,1.0,8.4,9.805381891015944,9.677981291632193,19.61076378203189,19.355962583264386,1,8001
k_r4.2_k_theta10.0Seed54654651,54654651,4.2,10.0,8.4,9.359222936987535,8.939904646043985,18.71844587397507,17.87980929208797,1,8001
k_r4.2_k_theta10.0Seed54654653,54654653,4.2,10.0,8.4,9.283979389538764,8.852040039481869,18.56795877907753,17.704080078963738,1,8001
k_r4.2_k_theta10.0Seed54654659,54654659,4.2,10.0,8.4,9.732250837132115,9.667508759115785,19.46450167426423,19.33501751823157,0,8001
k_r4.2_k_theta10.0Seed54654661,54654661,4.2,10.0,8.4,9.759552430499431,9.642126163990477,19.519104860998862,19.284252327980955,1,8001
k_r4.2_k_theta10.0Seed54654685,54654685,4.2,10.0,8.4,9.541657518913352,9.5355102296793,19.083315037826704,19.0710204593586,0,8001
k_r4.2_k_theta13.0Seed54654651,54654651,4.2,13.0,8.4,9.347227348547497,9.192477128968903,18.694454697094994,18.384954257937807,1,8001
k_r4.2_k_theta13.0Seed54654653,54654653,4.2,13.0,8.4,9.17335522205345,8.93918543788679,18.3467104441069,17.87837087577358,1,8001
k_r4.2_k_theta13.0Seed54654659,54654659,4.2,13.0,8.4,9.758940227000833,9.613039744417266,19.517880454001666,19.226079488834532,1,8001
k_r4.2_k_theta13.0Seed54654661,54654661,4.2,13.0,8.4,9.59725917562825,9.497747600254051,19.1945183512565,18.995495200508103,1,8001
k_r4.2_k_theta13.0Seed54654685,54654685,4.2,13.0,8.4,9.52941319220336,9.450132215964583,19.05882638440672,18.900264431929166,1,8001
k_r4.2_k_theta4.0Seed54654651,54654651,4.2,4.0,8.4,9.539654243856534,9.178730505552256,19.079308487713067,18.357461011104512,1,8001
k_r4.2_k_theta4.0Seed54654653,54654653,4.2,4.0,8.4,9.44870350990031,9.1960629418562,18.89740701980062,18.3921258837124,1,8001
k_r4.2_k_theta4.0Seed54654659,54654659,4.2,4.0,8.4,9.75297965883264,9.4520704237818,19.50595931766528,18.9041408475636,0,8001
k_r4.2_k_theta4.0Seed54654661,54654661,4.2,4.0,8.4,9.850753201594273,9.695614304469414,19.701506403188546,19.391228608938828,0,8001
k_r4.2_k_theta4.0Seed54654685,54654685,4.2,4.0,8.4,9.780600274632253,9.752375535661923,19.561200549264505,19.504751071323845,1,8001
k_r4.2_k_theta7.0Seed54654651,54654651,4.2,7.0,8.4,9.412012702739071,8.869131309298723,18.824025405478142,17.738262618597446,1,8001
k_r4.2_k_theta7.0Seed54654653,54654653,4.2,7.0,8.4,9.16252672387733,8.993148009832293,18.32505344775466,17.986296019664586,0,8001
k_r4.2_k_theta7.0Seed54654659,54654659,4.2,7.0,8.4,9.769964494440298,9.792581539532465,19.539928988880597,19.58516307906493,1,8001
k_r4.2_k_theta7.0Seed54654661,54654661,4.2,7.0,8.4,9.44773664854708,9.25889277730826,18.89547329709416,18.51778555461652,1,8001
k_r4.2_k_theta7.0Seed54654685,54654685,4.2,7.0,8.4,9.7398639807829,9.64928494842449,19.4797279615658,19.29856989684898,1,8001
k_r5.2_k_theta1.0Seed54654651,54654651,5.2,1.0,10.4,9.23553539858835,9.02826414940116,18.4710707971767,18.05652829880232,1,8001
k_r5.2_k_theta1.0Seed54654653,54654653,5.2,1.0,10.4,9.150084182050819,8.734935409841865,18.300168364101637,17.46987081968373,1,8001
k_r5.2_k_theta1.0Seed54654659,54654659,5.2,1.0,10.4,9.66419780055973,9.439682085474429,19.32839560111946,18.879364170948858,1,8001
k_r5.2_k_theta1.0Seed54654661,54654661,5.2,1.0,10.4,9.46352915703678,9.180238723593606,18.92705831407356,18.36047744718721,0,8001
k_r5.2_k_theta1.0Seed54654685,54654685,5.2,1.0,10.4,9.446365926004866,9.518700359588482,18.89273185200973,19.037400719176965,0,8001
k_r5.2_k_theta10.0Seed54654651,54654651,5.2,10.0,10.4,9.311835223486694,9.038873247365176,18.62367044697339,18.077746494730352,1,8001
k_r5.2_k_theta10.0Seed54654653,54654653,5.2,10.0,10.4,9.056603469859057,8.789180216033094,18.113206939718115,17.578360432066187,1,8001
k_r5.2_k_theta10.0Seed54654659,54654659,5.2,10.0,10.4,9.716421079389358,9.37327366595985,19.432842158778715,18.7465473319197,1,8001
k_r5.2_k_theta10.0Seed54654661,54654661,5.2,10.0,10.4,9.830552260431578,9.668392644796443,19.661104520863155,19.336785289592886,1,8001
k_r5.2_k_theta10.0Seed54654685,54654685,5.2,10.0,10.4,9.436804401408216,9.470616504581308,18.87360880281643,18.941233009162616,0,8001
k_r5.2_k_theta13.0Seed54654651,54654651,5.2,13.0,10.4,9.543327077128792,9.398407323244793,19.086654154257584,18.796814646489587,1,8001
k_r5.2_k_theta13.0Seed54654653,54654653,5.2,13.0,10.4,9.154519110239924,8.717999049954786,18.30903822047985,17.435998099909572,1,8001
k_r5.2_k_theta13.0Seed54654659,54654659,5.2,13.0,10.4,9.729114037426571,9.547874055881001,19.458228074853142,19.095748111762003,1,8001
k_r5.2_k_theta13.0Seed54654661,54654661,5.2,13.0,10.4,9.596291549683235,9.488249082877298,19.19258309936647,18.976498165754595,0,8001
k_r5.2_k_theta13.0Seed54654685,54654685,5.2,13.0,10.4,9.559070123019616,9.551904938483997,19.118140246039232,19.103809876967993,1,8001
k_r5.2_k_theta4.0Seed54654651,54654651,5.2,4.0,10.4,9.52230155936795,8.896343128150951,19.0446031187359,17.792686256301902,1,8001
k_r5.2_k_theta4.0Seed54654653,54654653,5.2,4.0,10.4,9.300392826918308,8.868516688699138,18.600785653836617,17.737033377398276,0,8001
k_r5.2_k_theta4.0Seed54654659,54654659,5.2,4.0,10.4,9.901158254434451,9.565719559840266,19.802316508868902,19.131439119680532,0,8001
k_r5.2_k_theta4.0Seed54654661,54654661,5.2,4.0,10.4,9.976553974439188,9.775545694174458,19.953107948878376,19.551091388348915,0,8001
k_r5.2_k_theta4.0Seed54654685,54654685,5.2,4.0,10.4,9.95948549831071,9.826238954820607,19.91897099662142,19.652477909641213,0,8001
k_r5.2_k_theta7.0Seed54654651,54654651,5.2,7.0,10.4,9.19535423905823,8.950000825932593,18.39070847811646,17.900001651865185,0,8001
k_r5.2_k_theta7.0Seed54654653,54654653,5.2,7.0,10.4,9.195648549343616,8.85605593058118,18.391297098687232,17.71211186116236,0,8001
k_r5.2_k_theta7.0Seed54654659,54654659,5.2,7.0,10.4,9.75328886035101,9.603923518021652,19.50657772070202,19.207847036043304,0,8001
k_r5.2_k_theta7.0Seed54654661,54654661,5.2,7.0,10.4,9.363258037793573,9.257793841021556,18.726516075587146,18.515587682043112,1,8001
k_r5.2_k_theta7.0Seed54654685,54654685,5.2,7.0,10.4,9.5923178989522,9.507341520586758,19.1846357979044,19.014683041173516,0,8001
k_r6.2_k_theta1.0Seed54654651,54654651,6.2,1.0,12.4,9.161327054581031,8.904084132839044,18.322654109162062,17.808168265678088,1,8001
k_r6.2_k_theta1.0Seed54654653,54654653,6.2,1.0,12.4,9.280268154589182,9.223869675111349,18.560536309178364,18.447739350222697,1,8001
k_r6.2_k_theta1.0Seed54654659,54654659,6.2,1.0,12.4,9.868402050599695,9.714782306261034,19.73680410119939,19.429564612522068,0,8001
k_r6.2_k_theta1.0Seed54654661,54654661,6.2,1.0,12.4,9.158218792528825,9.075499311712495,18.31643758505765,18.15099862342499,0,8001
k_r6.2_k_theta1.0Seed54654685,54654685,6.2,1.0,12.4,9.586131169894317,9.381640250979208,19.172262339788634,18.763280501958416,1,8001
k_r6.2_k_theta10.0Seed54654651,54654651,6.2,10.0,12.4,9.304145598366638,8.937864277597495,18.608291196733276,17.87572855519499,1,8001
k_r6.2_k_theta10.0Seed54654653,54654653,6.2,10.0,12.4,9.101636147157397,8.874208729744272,18.203272294314793,17.748417459488543,1,8001
k_r6.2_k_theta10.0Seed54654659,54654659,6.2,10.0,12.4,9.720372632379934,9.44408119270753,19.44074526475987,18.88816238541506,0,8001
k_r6.2_k_theta10.0Seed54654661,54654661,6.2,10.0,12.4,9.676081952222242,9.479825756713339,19.352163904444485,18.959651513426678,0,8001
k_r6.2_k_theta10.0Seed54654685,54654685,6.2,10.0,12.4,9.49768938859912,9.557745721910571,18.99537877719824,19.115491443821142,0,8001
k_r6.2_k_theta13.0Seed54654651,54654651,6.2,13.0,12.4,9.24473611238009,8.916680790195096,18.48947222476018,17.833361580390193,1,8001
k_r6.2_k_theta13.0Seed54654653,54654653,6.2,13.0,12.4,9.237286026254669,9.011045895448555,18.474572052509338,18.02209179089711,0,8001
k_r6.2_k_theta13.0Seed54654659,54654659,6.2,13.0,12.4,9.685442353562255,9.735416830287983,19.37088470712451,19.470833660575966,1,8001
k_r6.2_k_theta13.0Seed54654661,54654661,6.2,13.0,12.4,9.59803312472092,9.566100559856602,19.19606624944184,19.132201119713205,1,8001
k_r6.2_k_theta13.0Seed54654685,54654685,6.2,13.0,12.4,9.576102666115972,9.395062578212745,19.152205332231944,18.79012515642549,1,8001
k_r6.2_k_theta4.0Seed54654651,54654651,6.2,4.0,12.4,9.588010253937925,9.054677399187508,19.17602050787585,18.109354798375016,1,8001
k_r6.2_k_theta4.0Seed54654653,54654653,6.2,4.0,12.4,9.275677192441199,9.078461198806826,18.551354384882398,18.156922397613652,0,8001
k_r6.2_k_theta4.0Seed54654659,54654659,6.2,4.0,12.4,9.851999913678327,9.724613231032677,19.703999827356654,19.449226462065354,0,8001
k_r6.2_k_theta4.0Seed54654661,54654661,6.2,4.0,12.4,9.726471110813135,9.544423366288163,19.45294222162627,19.088846732576325,0,8001
k_r6.2_k_theta4.0Seed54654685,54654685,6.2,4.0,12.4,9.763287989199561,9.668866342706272,19.526575978399123,19.337732685412544,1,8001
k_r6.2_k_theta7.0Seed54654651,54654651,6.2,7.0,12.4,9.328975244448765,9.028877746587389,18.65795048889753,18.057755493174778,1,8001
k_r6.2_k_theta7.0Seed54654653,54654653,6.2,7.0,12.4,9.200761983020316,8.921666164841932,18.40152396604063,17.843332329683864,1,8001
k_r6.2_k_theta7.0Seed54654659,54654659,6.2,7.0,12.4,10.024731430750192,9.882453672325708,20.049462861500384,19.764907344651416,0,8001
k_r6.2_k_theta7.0Seed54654661,54654661,6.2,7.0,12.4,9.475133766748842,9.250668584392239,18.950267533497684,18.501337168784477,0,8001
k_r6.2_k_theta7.0Seed54654685,54654685,6.2,7.0,12.4,9.479026717091617,9.272830481084982,18.958053434183235,18.545660962169965,1,8001
k_r7.2_k_theta1.0Seed54654651,54654651,7.2,1.0,14.4,9.642423198643222,9.212570341303145,19.284846397286444,18.42514068260629,1,8001
k_r7.2_k_theta1.0Seed54654653,54654653,7.2,1.0,14.4,9.327883002050331,9.089300514254864,18.655766004100663,18.17860102850973,0,8001
k_r7.2_k_theta1.0Seed54654659,54654659,7.2,1.0,14.4,9.766033488396701,9.503882217982458,19.532066976793402,19.007764435964916,0,8001
k_r7.2_k_theta1.0Seed54654661,54654661,7.2,1.0,14.4,9.467304042746242,9.510937662660377,18.934608085492485,19.021875325320753,0,8001
k_r7.2_k_theta1.0Seed54654685,54654685,7.2,1.0,14.4,9.506605885593421,9.490025706185156,19.013211771186842,18.98005141237031,1,8001
k_r7.2_k_theta10.0Seed54654651,54654651,7.2,10.0,14.4,9.329257793553733,8.946462081724185,18.658515587107466,17.89292416344837,1,8001
k_r7.2_k_theta10.0Seed54654653,54654653,7.2,10.0,14.4,9.006214770269315,8.831956640373777,18.01242954053863,17.663913280747554,0,8001
k_r7.2_k_theta10.0Seed54654659,54654659,7.2,10.0,14.4,9.51591687358381,9.220754192766604,19.03183374716762,18.441508385533208,0,8001
k_r7.2_k_theta10.0Seed54654661,54654661,7.2,10.0,14.4,9.737660800306344,9.14826070169668,19.475321600612688,18.29652140339336,1,8001
k_r7.2_k_theta10.0Seed54654685,54654685,7.2,10.0,14.4,9.426538935872433,9.4258458465407,18.853077871744865,18.8516916930814,1,8001
k_r7.2_k_theta13.0Seed54654651,54654651,7.2,13.0,14.4,9.450812534556603,9.223958372000013,18.901625069113205,18.447916744000025,1,8001
k_r7.2_k_theta13.0Seed54654653,54654653,7.2,13.0,14.4,9.225223068386127,8.899057202376442,18.450446136772253,17.798114404752884,0,8001
k_r7.2_k_theta13.0Seed54654659,54654659,7.2,13.0,14.4,9.85640032474383,9.61743721282059,19.71280064948766,19.23487442564118,1,8001
k_r7.2_k_theta13.0Seed54654661,54654661,7.2,13.0,14.4,9.479808949845706,9.447193227935399,18.959617899691413,18.894386455870798,1,8001
k_r7.2_k_theta13.0Seed54654685,54654685,7.2,13.0,14.4,9.386904308873897,9.143491832600548,18.773808617747793,18.286983665201095,1,8001
k_r7.2_k_theta4.0Seed54654651,54654651,7.2,4.0,14.4,9.34232120316886,8.967772623734561,18.68464240633772,17.935545247469122,1,8001
k_r7.2_k_theta4.0Seed54654653,54654653,7.2,4.0,14.4,9.438748383486963,9.310908708799534,18.877496766973927,18.62181741759907,0,8001
k_r7.2_k_theta4.0Seed54654659,54654659,7.2,4.0,14.4,9.573485515427388,9.472447401132701,19.146971030854775,18.944894802265402,1,8001
k_r7.2_k_theta4.0Seed54654661,54654661,7.2,4.0,14.4,9.765833523982359,9.613959353658661,19.531667047964717,19.227918707317322,0,8001
k_r7.2_k_theta4.0Seed54654685,54654685,7.2,4.0,14.4,9.843441579836382,9.754583077303455,19.686883159672764,19.50916615460691,1,8001
k_r7.2_k_theta7.0Seed54654651,54654651,7.2,7.0,14.4,9.119450215158725,8.997160744919148,18.23890043031745,17.994321489838295,1,8001
k_r7.2_k_theta7.0Seed54654653,54654653,7.2,7.0,14.4,9.202721099327977,9.314954825954436,18.405442198655955,18.62990965190887,1,8001
k_r7.2_k_theta7.0Seed54654659,54654659,7.2,7.0,14.4,9.90703275531891,9.783922774708282,19.81406551063782,19.567845549416564,0,8001
k_r7.2_k_theta7.0Seed54654661,54654661,7.2,7.0,14.4,9.41620283063607,9.348748935554323,18.83240566127214,18.697497871108645,1,8001
k_r7.2_k_theta7.0Seed54654685,54654685,7.2,7.0,14.4,9.457364445105519,9.537529988414676,18.914728890211038,19.07505997682935,1,8001
k_r8.2_k_theta1.0Seed54654651,54654651,8.2,1.0,16.4,9.416190791915527,9.417345669309409,18.832381583831054,18.834691338618818,1,8001
k_r8.2_k_theta1.0Seed54654653,54654653,8.2,1.0,16.4,9.543156138478563,9.217309742465767,19.086312276957127,18.434619484931535,1,8001
k_r8.2_k_theta1.0Seed54654659,54654659,8.2,1.0,16.4,9.847138283530002,9.5492770721299,19.694276567060005,19.0985541442598,0,8001
k_r8.2_k_theta1.0Seed54654661,54654661,8.2,1.0,16.4,9.465051642965326,9.35489183008469,18.930103285930652,18.70978366016938,0,8001
k_r8.2_k_theta1.0Seed54654685,54654685,8.2,1.0,16.4,9.758175151459255,9.600906914130094,19.51635030291851,19.20181382826019,1,8001
k_r8.2_k_theta10.0Seed54654651,54654651,8.2,10.0,16.4,9.378479545837562,9.131266357919326,18.756959091675125,18.262532715838653,1,8001
k_r8.2_k_theta10.0Seed54654653,54654653,8.2,10.0,16.4,9.315788367677708,9.16687096255701,18.631576735355416,18.33374192511402,0,8001
k_r8.2_k_theta10.0Seed54654659,54654659,8.2,10.0,16.4,9.538177789872604,9.33339194324949,19.076355579745208,18.66678388649898,0,8001
k_r8.2_k_theta10.0Seed54654661,54654661,8.2,10.0,16.4,9.807198804032263,9.582449004462042,19.614397608064525,19.164898008924084,0,8001
k_r8.2_k_theta10.0Seed54654685,54654685,8.2,10.0,16.4,9.698109857030277,9.613439942559197,19.396219714060553,19.226879885118393,0,8001
k_r8.2_k_theta13.0Seed54654651,54654651,8.2,13.0,16.4,9.628303991100372,9.31410537864811,19.256607982200745,18.62821075729622,1,8001
k_r8.2_k_theta13.0Seed54654653,54654653,8.2,13.0,16.4,9.211816046005818,8.836684865234899,18.423632092011637,17.673369730469798,1,8001
k_r8.2_k_theta13.0Seed54654659,54654659,8.2,13.0,16.4,9.731624263822154,9.421163796299561,19.463248527644307,18.842327592599123,1,8001
k_r8.2_k_theta13.0Seed54654661,54654661,8.2,13.0,16.4,9.696565912787758,9.711461902881565,19.393131825575516,19.42292380576313,1,8001
k_r8.2_k_theta13.0Seed54654685,54654685,8.2,13.0,16.4,9.69106750040951,9.59496068247357,19.38213500081902,19.18992136494714,0,8001
k_r8.2_k_theta4.0Seed54654651,54654651,8.2,4.0,16.4,9.629586188441314,9.160614831280473,19.259172376882628,18.321229662560945,1,8001
k_r8.2_k_theta4.0Seed54654653,54654653,8.2,4.0,16.4,9.5068120438294,9.24393021274809,19.0136240876588,18.48786042549618,1,8001
k_r8.2_k_theta4.0Seed54654659,54654659,8.2,4.0,16.4,9.804235683952273,9.734444390415556,19.608471367904546,19.46888878083111,0,8001
k_r8.2_k_theta4.0Seed54654661,54654661,8.2,4.0,16.4,9.510892188594259,9.566635565501079,19.021784377188517,19.133271131002157,1,8001
k_r8.2_k_theta4.0Seed54654685,54654685,8.2,4.0,16.4,9.897361105913388,9.692646632699956,19.794722211826777,19.385293265399913,1,8001
k_r8.2_k_theta7.0Seed54654651,54654651,8.2,7.0,16.4,9.505879508362618,9.411793414396328,19.011759016725236,18.823586828792656,1,8001
k_r8.2_k_theta7.0Seed54654653,54654653,8.2,7.0,16.4,9.260768538894009,9.233702137723602,18.521537077788018,18.467404275447205,1,8001
k_r8.2_k_theta7.0Seed54654659,54654659,8.2,7.0,16.4,9.94521583692462,9.723325445702159,19.89043167384924,19.446650891404317,0,8001
k_r8.2_k_theta7.0Seed54654661,54654661,8.2,7.0,16.4,9.66955957427854,9.633389400306486,19.33911914855708,19.266778800612972,1,8001
k_r8.2_k_theta7.0Seed54654685,54654685,8.2,7.0,16.4,9.68749659790317,9.589173396543064,19.37499319580634,19.178346793086128,0,8001
k_r9.2_k_theta1.0Seed54654651,54654651,9.2,1.0,18.4,9.673478696997408,9.637916923536684,19.346957393994817,19.27583384707337,1,8001
k_r9.2_k_theta1.0Seed54654653,54654653,9.2,1.0,18.4,9.899463105296206,9.644253695485327,19.798926210592413,19.288507390970654,1,8001
k_r9.2_k_theta1.0Seed54654659,54654659,9.2,1.0,18.4,10.031374606260623,9.69988713114241,20.062749212521247,19.39977426228482,0,8001
k_r9.2_k_theta1.0Seed54654661,54654661,9.2,1.0,18.4,9.75602139073628,9.787459260351808,19.51204278147256,19.574918520703616,0,8001
k_r9.2_k_theta1.0Seed54654685,54654685,9.2,1.0,18.4,9.937357348420795,9.81905645286398,19.87471469684159,19.63811290572796,1,8001
k_r9.2_k_theta10.0Seed54654651,54654651,9.2,10.0,18.4,9.691652142384457,9.506450100738446,19.383304284768915,19.012900201476892,1,8001
k_r9.2_k_theta10.0Seed54654653,54654653,9.2,10.0,18.4,9.568265693940484,9.463417580733857,19.136531387880968,18.926835161467714,1,8001
k_r9.2_k_theta10.0Seed54654659,54654659,9.2,10.0,18.4,10.170889267182718,9.923294708098023,20.341778534365435,19.846589416196046,0,8001
k_r9.2_k_theta10.0Seed54654661,54654661,9.2,10.0,18.4,9.799284233098573,9.833427376402687,19.598568466197147,19.666854752805374,1,8001
k_r9.2_k_theta10.0Seed54654685,54654685,9.2,10.0,18.4,9.890810812337897,9.76784968853415,19.781621624675793,19.5356993770683,1,8001
k_r9.2_k_theta13.0Seed54654651,54654651,9.2,13.0,18.4,9.923574498681582,10.017781676676185,19.847148997363163,20.03556335335237,1,8001
k_r9.2_k_theta13.0Seed54654653,54654653,9.2,13.0,18.4,9.569742133439581,9.485097927450688,19.139484266879162,18.970195854901377,0,8001
k_r9.2_k_theta13.0Seed54654659,54654659,9.2,13.0,18.4,10.055077652024005,9.895644234295661,20.11015530404801,19.791288468591322,0,8001
k_r9.2_k_theta13.0Seed54654661,54654661,9.2,13.0,18.4,10.181724883414432,10.05176922198109,20.363449766828865,20.10353844396218,0,8001
k_r9.2_k_theta13.0Seed54654685,54654685,9.2,13.0,18.4,9.841361894480954,9.697183494099212,19.68272378896191,19.394366988198424,1,8001
k_r9.2_k_theta4.0Seed54654651,54654651,9.2,4.0,18.4,9.890416161647003,9.708270210772021,19.780832323294007,19.416540421544042,1,8001
k_r9.2_k_theta4.0Seed54654653,54654653,9.2,4.0,18.4,9.641070715175717,9.538716796092258,19.282141430351434,19.077433592184516,1,8001
k_r9.2_k_theta4.0Seed54654659,54654659,9.2,4.0,18.4,9.862910003793562,9.848383441288002,19.725820007587124,19.696766882576004,0,8001
k_r9.2_k_theta4.0Seed54654661,54654661,9.2,4.0,18.4,10.119516943396714,9.991851138417227,20.23903388679343,19.983702276834453,0,8001
k_r9.2_k_theta4.0Seed54654685,54654685,9.2,4.0,18.4,10.074277748276504,10.08885867714998,20.14855549655301,20.17771735429996,1,8001
k_r9.2_k_theta7.0Seed54654651,54654651,9.2,7.0,18.4,9.62419899803355,9.497908060272405,19.2483979960671,18.99581612054481,0,8001
k_r9.2_k_theta7.0Seed54654653,54654653,9.2,7.0,18.4,9.719674546673051,9.605275138407846,19.439349093346102,19.21055027681569,0,8001
k_r9.2_k_theta7.0Seed54654659,54654659,9.2,7.0,18.4,10.231253722663224,10.103949746537152,20.462507445326448,20.207899493074304,0,8001
k_r9.2_k_theta7.0Seed54654661,54654661,9.2,7.0,18.4,9.875639698473417,9.785437963498264,19.751279396946835,19.57087592699653,1,8001
k_r9.2_k_theta7.0Seed54654685,54654685,9.2,7.0,18.4,10.093703449901193,10.014736757850839,20.187406899802387,20.029473515701678,1,8001
