,K_r,K_theta,sigma_r,sigma_t,lengths,angles
0,0.0,0.0,0.24779109937303512,0.27003244334106835,[2.       2.000005 2.       ... 2.098522 2.098439 2.098373],[180.     179.999  179.996  ...  88.5033  88.4975  88.4911]
1,0.0,1.0,0.20625888964387123,0.15914183295110018,[2.       2.000005 2.       ... 2.83575  2.83591  2.83602 ],[180.    179.999 179.996 ... 105.528 105.565 105.603]
12,0.0,2.0,0.22329009520921758,0.19266314063590242,[2.       2.000005 2.       ... 2.418672 2.419486 2.42029 ],[180.    179.999 179.996 ... 122.585 122.664 122.744]
14,0.0,3.0,0.2219855348388988,0.09413290419005609,[2.       2.000005 2.       ... 2.46917  2.46862  2.46808 ],[180.    179.999 179.996 ... 163.814 163.877 163.94 ]
15,0.0,4.0,0.2912265754186636,0.07608928358360931,[2.       2.000005 2.       ... 2.132075 2.1324   2.132747],[180.    179.999 179.996 ... 163.685 163.593 163.501]
16,0.0,5.0,0.2221721941098501,0.08063033207872605,[2.       2.000005 2.       ... 2.75818  2.75864  2.75909 ],[180.    179.999 179.996 ... 160.633 160.757 160.882]
17,0.0,6.0,0.24044056021963126,0.09831252414774996,[2.       2.000005 2.       ... 2.59837  2.59982  2.60128 ],[180.    179.999 179.996 ... 159.717 159.629 159.538]
18,0.0,7.0,0.2173380508732787,0.07139596704385603,[2.       2.000005 2.       ... 2.81706  2.81839  2.81975 ],[180.    179.999 179.996 ... 160.657 160.586 160.515]
19,0.0,8.0,0.21204914091944121,0.05683096285473006,[2.       2.000005 2.       ... 2.580369 2.581388 2.582415],[180.    179.999 179.996 ... 139.102 138.992 138.882]
20,0.0,9.0,0.2194571543922689,0.05434543014301757,[2.       2.000005 2.       ... 2.42004  2.42141  2.42279 ],[180.    179.999 179.996 ... 164.288 164.407 164.525]
2,0.0,10.0,0.19407858223394117,0.06242700839061077,[2.       2.000005 2.       ... 2.85108  2.85216  2.85325 ],[180.    179.999 179.996 ... 162.015 162.033 162.052]
3,0.0,11.0,0.20082386077557265,0.06434092898938379,[2.       2.000005 2.       ... 2.93551  2.93711  2.93871 ],[180.    179.999 179.996 ... 152.42  152.425 152.429]
4,0.0,12.0,0.2124138504316599,0.06235887004736392,[2.       2.000005 2.       ... 2.8763   2.87672  2.87715 ],[180.    179.999 179.996 ... 165.657 165.788 165.919]
5,0.0,13.0,0.23262338573415653,0.051110817858722464,[2.       2.000005 2.       ... 2.71847  2.7201   2.72175 ],[180.    179.999 179.996 ... 168.295 168.183 168.07 ]
6,0.0,14.0,0.21058684790966992,0.05565326602324479,[2.       2.000005 2.       ... 2.8252   2.82696  2.82871 ],[180.    179.999 179.996 ... 155.885 155.796 155.708]
7,0.0,15.0,0.2041678147738467,0.0425465631536631,[2.       2.000005 2.       ... 2.80467  2.80615  2.80764 ],[180.    179.999 179.996 ... 156.446 156.429 156.413]
8,0.0,16.0,0.22124616620968166,0.037976687994936,[2.       2.000005 2.       ... 2.63655  2.63737  2.6382  ],[180.    179.999 179.996 ... 171.932 171.945 171.958]
9,0.0,17.0,0.20351220799566355,0.03747730445556903,[2.       2.000005 2.       ... 2.372662 2.372715 2.372768],[180.    179.999 179.996 ... 170.509 170.567 170.626]
10,0.0,18.0,0.27913325900930175,0.028160661225409934,[2.       2.000005 2.       ... 2.32012  2.32128  2.32246 ],[180.    179.999 179.996 ... 171.539 171.583 171.625]
11,0.0,19.0,0.22596257758772925,0.0298189030711701,[2.       2.000005 2.       ... 2.7949   2.79621  2.79752 ],[180.    179.999 179.996 ... 165.582 165.529 165.477]
13,0.0,20.0,0.22765592844201696,0.02211228016318345,[2.       2.000005 2.       ... 2.7153   2.71652  2.71775 ],[180.    179.999 179.996 ... 165.385 165.397 165.408]
210,5.0,0.0,0.17041059592865135,0.16687422820423584,[2.       2.000005 2.       ... 2.80581  2.80652  2.80728 ],[180.    179.999 179.996 ... 118.324 118.335 118.345]
211,5.0,1.0,0.18360847163110708,0.13541479938730713,[2.       2.000005 2.       ... 2.92382  2.92466  2.92552 ],[180.    179.999 179.996 ... 140.611 140.577 140.543]
222,5.0,2.0,0.2006533925943263,0.10743504675813051,[2.       2.000005 2.       ... 2.421969 2.422934 2.423898],[180.    179.999 179.996 ... 145.259 145.173 145.086]
224,5.0,3.0,0.19008485986093424,0.0947880824847273,[2.       2.000005 2.       ... 2.455195 2.455287 2.455397],[180.    179.999 179.996 ... 130.118 130.216 130.314]
225,5.0,4.0,0.22095593599933716,0.07963608176103645,[2.       2.000005 2.       ... 2.376408 2.377758 2.379102],[180.    179.999 179.996 ... 146.636 146.54  146.444]
226,5.0,5.0,0.19206929332540393,0.07863204677539587,[2.       2.000005 2.       ... 2.087237 2.086968 2.086712],[180.    179.999 179.996 ... 164.328 164.468 164.609]
227,5.0,6.0,0.18815483633014418,0.05182660883269884,[2.       2.000005 2.       ... 2.61281  2.61307  2.61334 ],[180.    179.999 179.996 ... 140.475 140.459 140.441]
228,5.0,7.0,0.19185772790331074,0.06897044215339468,[2.       2.000005 2.       ... 2.31615  2.31651  2.31688 ],[180.    179.999 179.996 ... 156.703 156.678 156.654]
229,5.0,8.0,0.1903641313808195,0.03619740188430555,[2.       2.000005 2.       ... 2.46332  2.46346  2.46361 ],[180.    179.999 179.996 ... 160.722 160.704 160.686]
230,5.0,9.0,0.1920771287447612,0.035350557637506115,[2.       2.000005 2.       ... 2.46675  2.46694  2.46715 ],[180.    179.999 179.996 ... 159.038 159.019 158.999]
212,5.0,10.0,0.19200255276941522,0.035693324438618106,[2.       2.000005 2.       ... 2.49946  2.4996   2.49975 ],[180.    179.999 179.996 ... 156.08  156.084 156.087]
213,5.0,11.0,0.19087749663674,0.03666852766797934,[2.       2.000005 2.       ... 2.47964  2.47963  2.47963 ],[180.    179.999 179.996 ... 160.306 160.35  160.394]
214,5.0,12.0,0.19360316554099166,0.035202966220406966,[2.       2.000005 2.       ... 2.4264   2.42644  2.42648 ],[180.    179.999 179.996 ... 166.922 166.977 167.031]
215,5.0,13.0,0.20112657931815262,0.0351811587688195,[2.       2.000005 2.       ... 2.4063   2.40637  2.40643 ],[180.    179.999 179.996 ... 170.101 170.158 170.215]
216,5.0,14.0,0.203574822337379,0.03574553397318352,[2.       2.000005 2.       ... 2.43228  2.43237  2.43247 ],[180.    179.999 179.996 ... 171.774 171.827 171.88 ]
217,5.0,15.0,0.19975374622311584,0.03519377723690086,[2.       2.000005 2.       ... 2.51515  2.51527  2.51538 ],[180.    179.999 179.996 ... 168.882 168.907 168.932]
218,5.0,16.0,0.19432005447080025,0.04291779261604684,[2.       2.000005 2.       ... 2.84298  2.84385  2.84474 ],[180.    179.999 179.996 ... 159.545 159.533 159.519]
219,5.0,17.0,0.18573307444978518,0.0389893996462435,[2.       2.000005 2.       ... 2.85483  2.85594  2.85707 ],[180.    179.999 179.996 ... 158.231 158.163 158.095]
220,5.0,18.0,0.17497375377360805,0.03200982527719994,[2.       2.000005 2.       ... 2.68013  2.68066  2.68121 ],[180.    179.999 179.996 ... 162.084 162.071 162.06 ]
221,5.0,19.0,0.17071311022863003,0.030000804357253885,[2.       2.000005 2.       ... 2.72378  2.72445  2.72514 ],[180.    179.999 179.996 ... 161.078 161.057 161.036]
223,5.0,20.0,0.17453891301935553,0.03133508420453989,[2.       2.000005 2.       ... 2.67152  2.67169  2.67187 ],[180.    179.999 179.996 ... 168.552 168.505 168.46 ]
21,10.0,0.0,0.12337156355647755,0.18081185233726352,[2.       2.000005 2.       ... 2.27711  2.27745  2.2778  ],[180.    179.999 179.996 ... 123.417 123.364 123.311]
22,10.0,1.0,0.1879066761381468,0.18824441140602574,[2.       2.000005 2.       ... 1.926251 1.926691 1.927141],[180.    179.999 179.996 ... 131.789 131.897 132.004]
33,10.0,2.0,0.17919513992494185,0.13530828682684606,[2.       2.000005 2.       ... 2.96486  2.96458  2.96431 ],[180.    179.999 179.996 ... 116.042 116.134 116.225]
35,10.0,3.0,0.17871929999256292,0.10359007147122677,[2.       2.000005 2.       ... 2.70999  2.71073  2.71149 ],[180.    179.999 179.996 ... 160.736 160.797 160.856]
36,10.0,4.0,0.17525866465739215,0.08539859763457772,[2.       2.000005 2.       ... 2.75102  2.75106  2.75113 ],[180.    179.999 179.996 ... 147.671 147.801 147.932]
37,10.0,5.0,0.16435457956641325,0.04862840505146291,[2.       2.000005 2.       ... 2.50718  2.50672  2.50628 ],[180.    179.999 179.996 ... 161.86  161.884 161.906]
38,10.0,6.0,0.17145544570235638,0.04360000018314123,[2.       2.000005 2.       ... 2.82655  2.82703  2.82752 ],[180.    179.999 179.996 ... 154.212 154.263 154.314]
39,10.0,7.0,0.16591371381730818,0.03915686422388658,[2.       2.000005 2.       ... 2.5752   2.57496  2.57474 ],[180.    179.999 179.996 ... 165.833 165.813 165.793]
40,10.0,8.0,0.17383450440814577,0.05115882515346512,[2.       2.000005 2.       ... 2.77084  2.77065  2.77049 ],[180.    179.999 179.996 ... 158.547 158.478 158.408]
41,10.0,9.0,0.17114171410570256,0.037267551310317795,[2.       2.000005 2.       ... 2.82527  2.82563  2.82601 ],[180.    179.999 179.996 ... 171.378 171.475 171.572]
23,10.0,10.0,0.17344342521294598,0.03483429635912106,[2.       2.000005 2.       ... 2.83857  2.83899  2.83944 ],[180.    179.999 179.996 ... 171.086 171.117 171.146]
24,10.0,11.0,0.16907419963438228,0.032991409215821166,[2.       2.000005 2.       ... 2.60133  2.60087  2.60042 ],[180.    179.999 179.996 ... 164.165 164.189 164.213]
25,10.0,12.0,0.16935839750153306,0.03511443319545982,[2.       2.000005 2.       ... 2.64392  2.64343  2.64295 ],[180.    179.999 179.996 ... 161.681 161.714 161.746]
26,10.0,13.0,0.17113144381416961,0.036358747258046074,[2.       2.000005 2.       ... 2.90314  2.90392  2.90472 ],[180.    179.999 179.996 ... 162.123 162.062 162.001]
27,10.0,14.0,0.16687172108407827,0.031545263677773154,[2.       2.000005 2.       ... 2.86001  2.86051  2.86102 ],[180.    179.999 179.996 ... 164.036 164.027 164.018]
28,10.0,15.0,0.16332072615739082,0.027026652895092963,[2.       2.000005 2.       ... 2.80512  2.80562  2.80613 ],[180.    179.999 179.996 ... 170.695 170.684 170.673]
29,10.0,16.0,0.15977848673457942,0.03322378122754983,[2.       2.000005 2.       ... 2.60957  2.60935  2.60913 ],[180.    179.999 179.996 ... 168.037 168.012 167.988]
30,10.0,17.0,0.16162042708802343,0.033742957278867176,[2.       2.000005 2.       ... 2.623432 2.623164 2.622906],[180.    179.999 179.996 ... 166.786 166.799 166.812]
31,10.0,18.0,0.16447959994886674,0.032663069424988034,[2.       2.000005 2.       ... 2.620479 2.620178 2.619877],[180.    179.999 179.996 ... 170.248 170.315 170.383]
32,10.0,19.0,0.16882438990090054,0.030440262662002168,[2.       2.000005 2.       ... 2.60256  2.60244  2.60232 ],[180.    179.999 179.996 ... 177.681 177.596 177.508]
34,10.0,20.0,0.1788417182735054,0.03282553073388058,[2.       2.000005 2.       ... 2.94785  2.9485   2.94916 ],[180.    179.999 179.996 ... 160.518 160.522 160.526]
63,15.0,0.0,0.0759962177837954,0.1927309179766492,[2.       2.000005 2.       ... 2.304014 2.30388  2.303748],[180.     179.999  179.996  ...  75.4572  75.4556  75.4542]
64,15.0,1.0,0.13432625227084555,0.10597320315304048,[2.       2.000005 2.       ... 2.384921 2.385262 2.385608],[180.    179.999 179.996 ... 171.232 171.168 171.1  ]
75,15.0,2.0,0.17796761323330237,0.12446448410949543,[2.       2.000005 2.       ... 2.39779  2.39625  2.39473 ],[180.    179.999 179.996 ... 152.82  152.972 153.124]
77,15.0,3.0,0.14162422981431827,0.10150014431516097,[2.       2.000005 2.       ... 2.59078  2.5912   2.59164 ],[180.    179.999 179.996 ... 165.18  165.187 165.194]
78,15.0,4.0,0.14819139213704594,0.0684579627490936,[2.       2.000005 2.       ... 2.48528  2.48493  2.4846  ],[180.    179.999 179.996 ... 151.864 151.884 151.905]
79,15.0,5.0,0.1432645570038995,0.05171160627939855,[2.       2.000005 2.       ... 2.52939  2.52902  2.52865 ],[180.    179.999 179.996 ... 156.533 156.581 156.63 ]
80,15.0,6.0,0.14509153124916901,0.05117766817000146,[2.       2.000005 2.       ... 2.48283  2.4823   2.48177 ],[180.    179.999 179.996 ... 161.814 161.927 162.042]
81,15.0,7.0,0.13768280060812244,0.03724499377008899,[2.       2.000005 2.       ... 2.297886 2.297315 2.29675 ],[180.    179.999 179.996 ... 157.069 156.996 156.922]
82,15.0,8.0,0.13615035653768895,0.03745544683087998,[2.       2.000005 2.       ... 2.300759 2.30019  2.299627],[180.    179.999 179.996 ... 151.52  151.467 151.414]
83,15.0,9.0,0.13721100263225475,0.03707164049863848,[2.       2.000005 2.       ... 2.294727 2.294085 2.293449],[180.    179.999 179.996 ... 153.647 153.641 153.635]
65,15.0,10.0,0.13564234140305784,0.037302720567975074,[2.       2.000005 2.       ... 2.319296 2.318612 2.317933],[180.    179.999 179.996 ... 155.244 155.26  155.275]
66,15.0,11.0,0.13878831940519282,0.036581635043566124,[2.       2.000005 2.       ... 2.335588 2.334696 2.333817],[180.    179.999 179.996 ... 156.07  156.119 156.167]
67,15.0,12.0,0.13443260907004093,0.0365329056348959,[2.       2.000005 2.       ... 2.337107 2.336113 2.335133],[180.    179.999 179.996 ... 161.258 161.344 161.429]
68,15.0,13.0,0.1398544715566951,0.03460099833585362,[2.       2.000005 2.       ... 2.53219  2.53177  2.53137 ],[180.    179.999 179.996 ... 165.122 165.148 165.174]
69,15.0,14.0,0.13811513980503298,0.03081712049570046,[2.       2.000005 2.       ... 2.54986  2.54952  2.54922 ],[180.    179.999 179.996 ... 174.973 174.989 175.002]
70,15.0,15.0,0.13805243458656083,0.029158774958915185,[2.       2.000005 2.       ... 2.59287  2.59261  2.59235 ],[180.    179.999 179.996 ... 175.648 175.62  175.593]
71,15.0,16.0,0.13701369719435957,0.029831638740306053,[2.       2.000005 2.       ... 2.59337  2.59307  2.59279 ],[180.    179.999 179.996 ... 175.414 175.4   175.388]
72,15.0,17.0,0.138755481228453,0.03236559181514772,[2.       2.000005 2.       ... 2.55931  2.55905  2.5588  ],[180.    179.999 179.996 ... 173.709 173.668 173.626]
73,15.0,18.0,0.14482851780616854,0.033974221082739564,[2.       2.000005 2.       ... 2.58885  2.58864  2.58844 ],[180.    179.999 179.996 ... 169.113 169.047 168.981]
74,15.0,19.0,0.13889973292618749,0.031068363055357755,[2.       2.000005 2.       ... 2.259171 2.258525 2.25789 ],[180.    179.999 179.996 ... 175.458 175.415 175.372]
76,15.0,20.0,0.1422982724442524,0.028702530423294997,[2.       2.000005 2.       ... 2.258985 2.258292 2.257601],[180.    179.999 179.996 ... 174.946 174.928 174.91 ]
84,20.0,0.0,0.09438477599411901,0.1791146248814471,[2.       2.000005 2.       ... 2.24847  2.2481   2.24776 ],[180.     179.999  179.996  ...  62.6532  62.6381  62.623 ]
85,20.0,1.0,0.12388038415124532,0.10838173711911712,[2.       2.000005 2.       ... 1.853336 1.853356 1.853381],[180.    179.999 179.996 ... 163.039 163.022 163.002]
96,20.0,2.0,0.10948804407766295,0.12133205486868756,[2.       2.000005 2.       ... 2.50491  2.50453  2.50415 ],[180.    179.999 179.996 ... 138.782 138.898 139.014]
98,20.0,3.0,0.11891954069318604,0.08319562752896445,[2.       2.000005 2.       ... 2.051524 2.052586 2.053672],[180.    179.999 179.996 ... 157.529 157.415 157.3  ]
99,20.0,4.0,0.11715801343044026,0.06273606255722392,[2.       2.000005 2.       ... 2.265694 2.265446 2.265183],[180.    179.999 179.996 ... 150.256 150.286 150.317]
100,20.0,5.0,0.11001575777454593,0.055665421575820405,[2.       2.000005 2.       ... 1.987479 1.987497 1.987525],[180.    179.999 179.996 ... 164.388 164.344 164.299]
101,20.0,6.0,0.11611888674875691,0.05086385013697935,[2.       2.000005 2.       ... 2.222035 2.221682 2.221341],[180.    179.999 179.996 ... 171.087 171.218 171.351]
102,20.0,7.0,0.11482125985746529,0.03710160926812327,[2.       2.000005 2.       ... 2.00645  2.00644  2.006431],[180.    179.999 179.996 ... 161.839 161.813 161.787]
103,20.0,8.0,0.11333310188830129,0.03898485575365183,[2.       2.000005 2.       ... 2.02743  2.027299 2.027187],[180.    179.999 179.996 ... 157.119 157.151 157.183]
104,20.0,9.0,0.11373363645953567,0.037371211375878,[2.       2.000005 2.       ... 2.018319 2.01806  2.017817],[180.    179.999 179.996 ... 166.401 166.467 166.532]
86,20.0,10.0,0.1149174519269608,0.035078789501372824,[2.       2.000005 2.       ... 2.0077   2.007409 2.007126],[180.    179.999 179.996 ... 170.896 170.971 171.045]
87,20.0,11.0,0.11595690353711713,0.03703431497467782,[2.       2.000005 2.       ... 1.989773 1.989593 1.989433],[180.    179.999 179.996 ... 173.824 173.806 173.786]
88,20.0,12.0,0.11442028415720253,0.03357487117041889,[2.       2.000005 2.       ... 1.984443 1.984299 1.984165],[180.    179.999 179.996 ... 174.113 174.179 174.247]
89,20.0,13.0,0.11132577510949232,0.029536635069868575,[2.       2.000005 2.       ... 1.990924 1.990916 1.990926],[180.    179.999 179.996 ... 174.793 174.744 174.697]
90,20.0,14.0,0.11000811748359084,0.02870473314857929,[2.       2.000005 2.       ... 2.005347 2.005332 2.005335],[180.    179.999 179.996 ... 172.948 172.959 172.971]
91,20.0,15.0,0.10897128844689799,0.029502458226664037,[2.       2.000005 2.       ... 2.016597 2.016598 2.016617],[180.    179.999 179.996 ... 172.887 172.913 172.939]
92,20.0,16.0,0.11160791693061153,0.030604333740887578,[2.       2.000005 2.       ... 2.019318 2.019392 2.019475],[180.    179.999 179.996 ... 172.591 172.571 172.55 ]
93,20.0,17.0,0.11271590418685039,0.034348779132532786,[2.       2.000005 2.       ... 2.038155 2.038345 2.038543],[180.    179.999 179.996 ... 169.954 169.871 169.787]
94,20.0,18.0,0.12075558158826949,0.026594338746582607,[2.       2.000005 2.       ... 2.53926  2.53941  2.53956 ],[180.    179.999 179.996 ... 168.848 168.845 168.84 ]
95,20.0,19.0,0.11981870580016367,0.02583453453200581,[2.       2.000005 2.       ... 2.54853  2.54875  2.54897 ],[180.    179.999 179.996 ... 166.577 166.562 166.546]
97,20.0,20.0,0.11755282047801087,0.02661693061451814,[2.       2.000005 2.       ... 2.062171 2.062294 2.062421],[180.    179.999 179.996 ... 174.833 174.724 174.615]
105,25.0,0.0,0.0767545774459536,0.19069231182520566,[2.       2.000005 2.       ... 1.921176 1.921742 1.922322],[180.    179.999 179.996 ... 141.854 141.756 141.658]
106,25.0,1.0,0.09550388076688232,0.11713101385989749,[2.       2.000005 2.       ... 2.14222  2.14227  2.14234 ],[180.    179.999 179.996 ... 134.652 134.592 134.532]
117,25.0,2.0,0.11327009235220127,0.10074371416238415,[2.       2.000005 2.       ... 2.26028  2.2594   2.25854 ],[180.    179.999 179.996 ... 146.837 146.919 147.002]
119,25.0,3.0,0.1143189877987543,0.07584544217315274,[2.       2.000005 2.       ... 2.25135  2.25093  2.25054 ],[180.    179.999 179.996 ... 160.618 160.679 160.739]
120,25.0,4.0,0.10586144456413266,0.06780807087940073,[2.       2.000005 2.       ... 2.26252  2.26201  2.26152 ],[180.    179.999 179.996 ... 154.313 154.353 154.396]
121,25.0,5.0,0.10509925791040059,0.05244216545597784,[2.       2.000005 2.       ... 2.19689  2.19622  2.19557 ],[180.    179.999 179.996 ... 164.953 165.08  165.209]
122,25.0,6.0,0.10749399253387992,0.045689950905983906,[2.       2.000005 2.       ... 2.22192  2.22154  2.22117 ],[180.    179.999 179.996 ... 174.64  174.673 174.703]
123,25.0,7.0,0.10712084495101247,0.03623036572110387,[2.       2.000005 2.       ... 2.136827 2.137246 2.137668],[180.    179.999 179.996 ... 163.595 163.571 163.547]
124,25.0,8.0,0.10668819421433552,0.03430141898497034,[2.       2.000005 2.       ... 2.129208 2.129492 2.129789],[180.    179.999 179.996 ... 164.446 164.486 164.524]
125,25.0,9.0,0.10742026025238151,0.032594007921737465,[2.       2.000005 2.       ... 2.108491 2.108812 2.109143],[180.    179.999 179.996 ... 174.025 174.06  174.094]
107,25.0,10.0,0.10852814422173102,0.03203648959884609,[2.       2.000005 2.       ... 2.108057 2.108448 2.108849],[180.    179.999 179.996 ... 177.454 177.481 177.506]
108,25.0,11.0,0.10867234897673297,0.033785496936438626,[2.       2.000005 2.       ... 2.121651 2.122096 2.122537],[180.    179.999 179.996 ... 174.69  174.708 174.726]
109,25.0,12.0,0.10798441148741524,0.03500655233583048,[2.       2.000005 2.       ... 2.13723  2.13766  2.13809 ],[180.    179.999 179.996 ... 178.3   178.244 178.188]
110,25.0,13.0,0.106037330770463,0.03284035318087237,[2.       2.000005 2.       ... 2.15299  2.15332  2.15367 ],[180.    179.999 179.996 ... 171.48  171.45  171.421]
111,25.0,14.0,0.10363392424536456,0.030021014079649945,[2.       2.000005 2.       ... 2.15509  2.15527  2.15547 ],[180.    179.999 179.996 ... 172.602 172.608 172.613]
112,25.0,15.0,0.1023973904550893,0.030049953577885955,[2.       2.000005 2.       ... 2.15594  2.15612  2.1563  ],[180.    179.999 179.996 ... 172.243 172.214 172.185]
113,25.0,16.0,0.10289381681515226,0.030506234404840293,[2.       2.000005 2.       ... 2.16084  2.16104  2.16124 ],[180.    179.999 179.996 ... 169.086 169.04  168.994]
114,25.0,17.0,0.10621270217432835,0.021367631564509732,[2.       2.000005 2.       ... 2.2634   2.26355  2.2637  ],[180.    179.999 179.996 ... 172.118 172.138 172.158]
115,25.0,18.0,0.11868628259186445,0.024074081518620893,[2.       2.000005 2.       ... 2.49588  2.49558  2.49528 ],[180.    179.999 179.996 ... 166.857 166.802 166.747]
116,25.0,19.0,0.11907608565485832,0.02515174733834594,[2.       2.000005 2.       ... 2.50742  2.50712  2.50682 ],[180.    179.999 179.996 ... 165.667 165.625 165.582]
118,25.0,20.0,0.11996750164173686,0.026337887794389832,[2.       2.000005 2.       ... 2.51797  2.51757  2.51719 ],[180.    179.999 179.996 ... 164.734 164.719 164.702]
126,30.0,0.0,0.061236755330751194,0.19841921574268126,[2.       2.000005 2.       ... 2.31506  2.31707  2.3191  ],[180.     179.999  179.996  ...  98.8656  98.7468  98.6274]
127,30.0,1.0,0.11917070488435527,0.14486994947603182,[2.       2.000005 2.       ... 2.10126  2.10014  2.09905 ],[180.    179.999 179.996 ... 148.714 148.843 148.97 ]
138,30.0,2.0,0.10220784266393623,0.11976912757865299,[2.       2.000005 2.       ... 2.31229  2.31367  2.31505 ],[180.    179.999 179.996 ... 140.328 140.307 140.286]
140,30.0,3.0,0.11074985179891156,0.0813370232560047,[2.       2.000005 2.       ... 2.20023  2.19915  2.19809 ],[180.    179.999 179.996 ... 165.471 165.603 165.735]
141,30.0,4.0,0.10144825021887453,0.057863640533303715,[2.       2.000005 2.       ... 2.09905  2.09797  2.0969  ],[180.    179.999 179.996 ... 153.314 153.361 153.41 ]
142,30.0,5.0,0.10434708816499254,0.05263788787287647,[2.       2.000005 2.       ... 2.08121  2.0801   2.079   ],[180.    179.999 179.996 ... 159.921 160.01  160.101]
143,30.0,6.0,0.10839965537786195,0.045782436964190265,[2.       2.000005 2.       ... 2.11724  2.11636  2.11551 ],[180.    179.999 179.996 ... 176.076 176.076 176.069]
144,30.0,7.0,0.11595904163019381,0.034569532274647215,[2.       2.000005 2.       ... 2.19185  2.19094  2.19004 ],[180.    179.999 179.996 ... 169.933 170.003 170.073]
145,30.0,8.0,0.10675753355272793,0.03736855664849336,[2.       2.000005 2.       ... 2.098785 2.098355 2.097956],[180.    179.999 179.996 ... 162.736 162.577 162.416]
146,30.0,9.0,0.10661406171528605,0.032147137102650714,[2.       2.000005 2.       ... 2.121624 2.121239 2.120851],[180.    179.999 179.996 ... 168.836 168.826 168.815]
128,30.0,10.0,0.10596074067409166,0.03261540663777988,[2.       2.000005 2.       ... 2.117906 2.117533 2.117177],[180.    179.999 179.996 ... 169.427 169.412 169.395]
129,30.0,11.0,0.11686091319770761,0.03879895978872642,[2.       2.000005 2.       ... 2.22349  2.22302  2.22258 ],[180.    179.999 179.996 ... 156.133 156.043 155.952]
130,30.0,12.0,0.11501450628112816,0.03493510386554888,[2.       2.000005 2.       ... 2.21718  2.21644  2.21571 ],[180.    179.999 179.996 ... 157.822 157.781 157.74 ]
131,30.0,13.0,0.1109798842863941,0.030886711738695352,[2.       2.000005 2.       ... 2.15815  2.15731  2.15649 ],[180.    179.999 179.996 ... 166.852 166.823 166.793]
132,30.0,14.0,0.10318998805297817,0.023444588531157527,[2.       2.000005 2.       ... 2.113712 2.113206 2.112717],[180.    179.999 179.996 ... 172.353 172.348 172.342]
133,30.0,15.0,0.10335531834951027,0.02354375646410167,[2.       2.000005 2.       ... 2.107512 2.107033 2.106549],[180.    179.999 179.996 ... 171.032 171.021 171.011]
134,30.0,16.0,0.10562019364252147,0.030289393352973384,[2.       2.000005 2.       ... 2.09559  2.094683 2.093796],[180.    179.999 179.996 ... 166.847 166.867 166.888]
135,30.0,17.0,0.1018284872039211,0.02959548563502677,[2.       2.000005 2.       ... 2.0898   2.08927  2.08875 ],[180.    179.999 179.996 ... 173.966 173.975 173.982]
136,30.0,18.0,0.10350175827123742,0.021803402173330728,[2.       2.000005 2.       ... 2.2281   2.22775  2.22741 ],[180.    179.999 179.996 ... 174.527 174.533 174.539]
137,30.0,19.0,0.1215232311735991,0.02593218085706118,[2.       2.000005 2.       ... 2.42705  2.42648  2.42592 ],[180.    179.999 179.996 ... 168.04  168.013 167.985]
139,30.0,20.0,0.12245294352734719,0.02721856618140695,[2.       2.000005 2.       ... 2.43183  2.43119  2.43055 ],[180.    179.999 179.996 ... 166.234 166.226 166.217]
147,35.0,0.0,0.06274105524790884,0.19010851063900475,[2.       2.000005 2.       ... 2.23045  2.23094  2.23143 ],[180.    179.999 179.996 ... 101.915 101.959 102.003]
148,35.0,1.0,0.07587175651349398,0.10739464258043763,[2.       2.000005 2.       ... 2.15041  2.15027  2.15014 ],[180.    179.999 179.996 ... 139.395 139.372 139.348]
159,35.0,2.0,0.08807181328194497,0.14157000969264413,[2.       2.000005 2.       ... 2.36797  2.36869  2.36942 ],[180.    179.999 179.996 ... 173.766 173.677 173.589]
161,35.0,3.0,0.10103901603489977,0.08472467253253511,[2.       2.000005 2.       ... 1.993268 1.992466 1.991692],[180.    179.999 179.996 ... 174.697 174.678 174.653]
162,35.0,4.0,0.09583811099727706,0.04763574179381592,[2.       2.000005 2.       ... 1.926782 1.926194 1.925613],[180.    179.999 179.996 ... 166.239 166.229 166.217]
163,35.0,5.0,0.10063573494696051,0.0532462028862357,[2.       2.000005 2.       ... 1.848204 1.847318 1.846444],[180.    179.999 179.996 ... 161.176 161.296 161.418]
164,35.0,6.0,0.099862815377363,0.037603703595258435,[2.       2.000005 2.       ... 1.918717 1.918195 1.917684],[180.    179.999 179.996 ... 166.964 166.904 166.843]
165,35.0,7.0,0.10044545838132159,0.03443102821076373,[2.       2.000005 2.       ... 1.95046  1.950028 1.949608],[180.    179.999 179.996 ... 158.282 158.225 158.168]
166,35.0,8.0,0.10369006006486724,0.0378502940791824,[2.       2.000005 2.       ... 1.901219 1.901432 1.901674],[180.    179.999 179.996 ... 153.766 153.599 153.431]
167,35.0,9.0,0.10127260205488134,0.03391505222290775,[2.       2.000005 2.       ... 1.924947 1.924378 1.923813],[180.    179.999 179.996 ... 163.696 163.686 163.675]
149,35.0,10.0,0.10089208526935398,0.036135658781251453,[2.       2.000005 2.       ... 1.922411 1.921878 1.92136 ],[180.    179.999 179.996 ... 164.741 164.727 164.712]
150,35.0,11.0,0.10817904690703344,0.043033536901030546,[2.       2.000005 2.       ... 1.976572 1.97623  1.975916],[180.    179.999 179.996 ... 149.887 149.837 149.787]
151,35.0,12.0,0.10813707818374012,0.03981953029453733,[2.       2.000005 2.       ... 1.971183 1.970474 1.969781],[180.    179.999 179.996 ... 156.507 156.519 156.529]
152,35.0,13.0,0.0991376438605685,0.03279515486617915,[2.       2.000005 2.       ... 1.939893 1.939126 1.938374],[180.    179.999 179.996 ... 169.391 169.414 169.436]
153,35.0,14.0,0.09887779977032653,0.02629553241570056,[2.       2.000005 2.       ... 1.920989 1.92028  1.919578],[180.    179.999 179.996 ... 172.317 172.306 172.295]
154,35.0,15.0,0.10380145990699315,0.027751523353793592,[2.       2.000005 2.       ... 1.886496 1.886007 1.885532],[180.    179.999 179.996 ... 168.576 168.559 168.541]
155,35.0,16.0,0.10318046866168312,0.02901548030433487,[2.       2.000005 2.       ... 1.876495 1.876145 1.875822],[180.    179.999 179.996 ... 167.413 167.409 167.405]
156,35.0,17.0,0.096549730482653,0.03095749541051808,[2.       2.000005 2.       ... 1.896311 1.89577  1.895237],[180.    179.999 179.996 ... 174.903 174.915 174.926]
157,35.0,18.0,0.11257701331365412,0.023323934162610045,[2.       2.000005 2.       ... 2.22581  2.22512  2.22444 ],[180.    179.999 179.996 ... 166.638 166.628 166.618]
158,35.0,19.0,0.11314363572529336,0.025729609893445426,[2.       2.000005 2.       ... 2.22642  2.22573  2.22505 ],[180.    179.999 179.996 ... 165.63  165.617 165.604]
160,35.0,20.0,0.11386349455141574,0.028242501660695855,[2.       2.000005 2.       ... 2.22685  2.22612  2.22538 ],[180.    179.999 179.996 ... 163.092 163.107 163.122]
168,40.0,0.0,0.04408161458495603,0.13774245799376433,[2.       2.000005 2.       ... 2.172812 2.172928 2.173045],[180.    179.999 179.996 ... 160.341 160.378 160.418]
169,40.0,1.0,0.09175199615732428,0.13362391651100222,[2.       2.000005 2.       ... 2.12343  2.123617 2.123808],[180.    179.999 179.996 ... 165.592 165.653 165.713]
180,40.0,2.0,0.10210618589683579,0.12877848079719767,[2.       2.000005 2.       ... 2.40897  2.40827  2.40758 ],[180.    179.999 179.996 ... 158.922 158.867 158.812]
182,40.0,3.0,0.08175425501301734,0.08169379840917604,[2.       2.000005 2.       ... 2.14133  2.14232  2.14332 ],[180.    179.999 179.996 ... 139.851 139.71  139.567]
183,40.0,4.0,0.08935014904731915,0.044920283425856314,[2.       2.000005 2.       ... 1.838285 1.838158 1.83804 ],[180.    179.999 179.996 ... 167.157 167.128 167.097]
184,40.0,5.0,0.08872984888127494,0.04125241751411073,[2.       2.000005 2.       ... 1.84018  1.840186 1.840202],[180.    179.999 179.996 ... 166.673 166.586 166.498]
185,40.0,6.0,0.09171273406809936,0.046795117445444796,[2.       2.000005 2.       ... 1.814237 1.81471  1.815209],[180.    179.999 179.996 ... 175.465 175.389 175.309]
186,40.0,7.0,0.09107365940028425,0.03496591961427105,[2.       2.000005 2.       ... 1.875094 1.875084 1.875086],[180.    179.999 179.996 ... 155.534 155.479 155.423]
187,40.0,8.0,0.09120173259884737,0.03124629679221012,[2.       2.000005 2.       ... 1.872042 1.871871 1.871709],[180.    179.999 179.996 ... 156.353 156.341 156.327]
188,40.0,9.0,0.0908579319872092,0.03393369598371664,[2.       2.000005 2.       ... 1.855499 1.85528  1.855071],[180.    179.999 179.996 ... 160.845 160.851 160.855]
170,40.0,10.0,0.09027437444880941,0.03770480547003665,[2.       2.000005 2.       ... 1.854719 1.854528 1.854347],[180.    179.999 179.996 ... 161.862 161.86  161.856]
171,40.0,11.0,0.09009968349990968,0.04365498465127172,[2.       2.000005 2.       ... 1.883784 1.883453 1.883119],[180.    179.999 179.996 ... 156.028 156.055 156.082]
172,40.0,12.0,0.09250667575437035,0.04300750168956701,[2.       2.000005 2.       ... 1.850384 1.850469 1.850577],[180.    179.999 179.996 ... 160.818 160.923 161.027]
173,40.0,13.0,0.09213637192136291,0.034943611994659875,[2.       2.000005 2.       ... 1.819709 1.820067 1.820448],[180.    179.999 179.996 ... 172.221 172.262 172.301]
174,40.0,14.0,0.08932429427388544,0.028560948651013756,[2.       2.000005 2.       ... 1.84309  1.842876 1.842668],[180.    179.999 179.996 ... 170.99  170.949 170.909]
175,40.0,15.0,0.08889941728996256,0.02483389570226055,[2.       2.000005 2.       ... 1.840531 1.840325 1.840125],[180.    179.999 179.996 ... 170.695 170.681 170.668]
176,40.0,16.0,0.08808806212860262,0.025440444906628754,[2.       2.000005 2.       ... 1.843247 1.843017 1.842793],[180.    179.999 179.996 ... 171.526 171.543 171.562]
177,40.0,17.0,0.09860982002329305,0.025332735413830663,[2.       2.000005 2.       ... 2.08908  2.08869  2.08832 ],[180.    179.999 179.996 ... 162.346 162.338 162.33 ]
178,40.0,18.0,0.09812778822959663,0.023972150774017882,[2.       2.000005 2.       ... 2.08441  2.08396  2.08354 ],[180.    179.999 179.996 ... 164.743 164.746 164.749]
179,40.0,19.0,0.0984809058843092,0.026199390490905226,[2.       2.000005 2.       ... 2.08564  2.08521  2.0848  ],[180.    179.999 179.996 ... 163.555 163.559 163.563]
181,40.0,20.0,0.09921666052624338,0.02904776465626967,[2.       2.000005 2.       ... 2.08935  2.08886  2.08838 ],[180.    179.999 179.996 ... 161.344 161.383 161.422]
189,45.0,0.0,0.05642779609191442,0.12113819725013988,[2.       2.000005 2.       ... 2.24794  2.24795  2.24795 ],[180.     179.999  179.996  ...  96.9172  96.8586  96.7999]
190,45.0,1.0,0.09278490206893442,0.11884589692596974,[2.       2.000005 2.       ... 2.077654 2.078082 2.078522],[180.    179.999 179.996 ... 154.177 154.027 153.878]
201,45.0,2.0,0.09407610319476423,0.12809918138109638,[2.       2.000005 2.       ... 2.25684  2.25651  2.25619 ],[180.    179.999 179.996 ... 140.977 140.884 140.793]
203,45.0,3.0,0.08405577614863749,0.09801711078961149,[2.       2.000005 2.       ... 2.10479  2.10444  2.10408 ],[180.    179.999 179.996 ... 135.298 135.277 135.258]
204,45.0,4.0,0.08208979553712163,0.05837828619106762,[2.       2.000005 2.       ... 1.894019 1.894188 1.894371],[180.    179.999 179.996 ... 146.366 146.45  146.536]
205,45.0,5.0,0.07935086117297147,0.03878160942408929,[2.       2.000005 2.       ... 1.865059 1.86527  1.865491],[180.    179.999 179.996 ... 163.09  163.003 162.914]
206,45.0,6.0,0.08073620286777398,0.044414441038564643,[2.       2.000005 2.       ... 1.875771 1.876496 1.877244],[180.    179.999 179.996 ... 172.317 172.243 172.167]
207,45.0,7.0,0.07994974784328611,0.030913859820013854,[2.       2.000005 2.       ... 1.887632 1.887757 1.887892],[180.    179.999 179.996 ... 157.251 157.204 157.157]
208,45.0,8.0,0.080478826900523,0.029795640941286186,[2.       2.000005 2.       ... 1.891907 1.89195  1.892003],[180.    179.999 179.996 ... 156.873 156.85  156.826]
209,45.0,9.0,0.08024821952313421,0.032764775334996964,[2.       2.000005 2.       ... 1.878147 1.878103 1.87807 ],[180.    179.999 179.996 ... 160.255 160.253 160.25 ]
191,45.0,10.0,0.07980851690180159,0.037708406615063514,[2.       2.000005 2.       ... 1.879829 1.879832 1.879846],[180.    179.999 179.996 ... 160.265 160.247 160.227]
192,45.0,11.0,0.07949092001375963,0.04515853710334385,[2.       2.000005 2.       ... 1.912802 1.912568 1.912343],[180.    179.999 179.996 ... 154.151 154.186 154.221]
193,45.0,12.0,0.07865134903877213,0.04541094778857779,[2.       2.000005 2.       ... 1.891006 1.890606 1.890219],[180.    179.999 179.996 ... 164.005 164.119 164.233]
194,45.0,13.0,0.07806364856259213,0.0376600253713043,[2.       2.000005 2.       ... 1.875828 1.875791 1.875763],[180.    179.999 179.996 ... 170.395 170.358 170.319]
195,45.0,14.0,0.0780300443122475,0.02897398908644428,[2.       2.000005 2.       ... 1.864633 1.864608 1.864589],[180.    179.999 179.996 ... 172.014 171.993 171.973]
196,45.0,15.0,0.07773272324479794,0.025074582363366855,[2.       2.000005 2.       ... 1.860257 1.86023  1.860209],[180.    179.999 179.996 ... 172.639 172.632 172.626]
197,45.0,16.0,0.07715322617993957,0.024836899615691906,[2.       2.000005 2.       ... 1.859183 1.859157 1.859139],[180.    179.999 179.996 ... 172.741 172.757 172.774]
198,45.0,17.0,0.08688813113355708,0.02535603040130125,[2.       2.000005 2.       ... 2.0988   2.0988   2.09882 ],[180.    179.999 179.996 ... 162.595 162.603 162.61 ]
199,45.0,18.0,0.08648747016445563,0.023705088015421975,[2.       2.000005 2.       ... 2.089    2.08897  2.08895 ],[180.    179.999 179.996 ... 165.761 165.781 165.801]
200,45.0,19.0,0.0867182378425343,0.02570612020459897,[2.       2.000005 2.       ... 2.08853  2.08853  2.08856 ],[180.    179.999 179.996 ... 165.396 165.411 165.426]
202,45.0,20.0,0.08722756009775164,0.02849464865791499,[2.       2.000005 2.       ... 2.09377  2.09376  2.09375 ],[180.    179.999 179.996 ... 163.814 163.854 163.893]
231,50.0,0.0,0.048659595545678155,0.10075031594265088,[2.       2.000005 2.       ... 1.903697 1.903507 1.903325],[180.    179.999 179.996 ... 130.963 130.984 131.005]
232,50.0,1.0,0.08243042918741476,0.11999701169330453,[2.       2.000005 2.       ... 2.15749  2.15768  2.15788 ],[180.    179.999 179.996 ... 155.539 155.426 155.312]
243,50.0,2.0,0.09108242211813398,0.12902053916385145,[2.       2.000005 2.       ... 2.21298  2.21304  2.2131  ],[180.    179.999 179.996 ... 130.105 130.029 129.954]
245,50.0,3.0,0.07951522276088573,0.09821835961393394,[2.       2.000005 2.       ... 2.08947  2.08943  2.0894  ],[180.    179.999 179.996 ... 130.929 130.92  130.912]
246,50.0,4.0,0.07365593850381687,0.06219799201370938,[2.       2.000005 2.       ... 1.975249 1.975373 1.9755  ],[180.    179.999 179.996 ... 145.483 145.559 145.637]
247,50.0,5.0,0.07206375740322908,0.036424911253517545,[2.       2.000005 2.       ... 1.911549 1.911817 1.912096],[180.    179.999 179.996 ... 162.517 162.444 162.371]
248,50.0,6.0,0.07239460865118381,0.04655032180753537,[2.       2.000005 2.       ... 1.938323 1.938885 1.93948 ],[180.    179.999 179.996 ... 172.344 172.337 172.328]
249,50.0,7.0,0.07223111237720124,0.03110548415369174,[2.       2.000005 2.       ... 1.925977 1.926167 1.926368],[180.    179.999 179.996 ... 158.361 158.318 158.275]
250,50.0,8.0,0.07243149468603215,0.0295571374394711,[2.       2.000005 2.       ... 1.932693 1.932794 1.932906],[180.    179.999 179.996 ... 156.669 156.649 156.629]
251,50.0,9.0,0.0721972767844678,0.03128187337995045,[2.       2.000005 2.       ... 1.914384 1.914421 1.914468],[180.    179.999 179.996 ... 160.161 160.161 160.159]
233,50.0,10.0,0.07167551297034402,0.03667662416319894,[2.       2.000005 2.       ... 1.916333 1.916399 1.916473],[180.    179.999 179.996 ... 158.472 158.461 158.449]
234,50.0,11.0,0.07508271986072303,0.044110953688597666,[2.       2.000005 2.       ... 1.954252 1.954446 1.954663],[180.    179.999 179.996 ... 152.549 152.566 152.582]
235,50.0,12.0,0.07126119777812218,0.0448304708126477,[2.       2.000005 2.       ... 1.909749 1.909455 1.909172],[180.    179.999 179.996 ... 166.107 166.228 166.348]
236,50.0,13.0,0.07017348423432089,0.03637391751912445,[2.       2.000005 2.       ... 1.903517 1.903621 1.903727],[180.    179.999 179.996 ... 170.617 170.567 170.515]
237,50.0,14.0,0.0698836774350043,0.02851690148581806,[2.       2.000005 2.       ... 1.8981   1.898225 1.898355],[180.    179.999 179.996 ... 171.658 171.623 171.589]
238,50.0,15.0,0.06969935432036262,0.02588754690400605,[2.       2.000005 2.       ... 1.896853 1.896966 1.897086],[180.    179.999 179.996 ... 171.438 171.428 171.42 ]
239,50.0,16.0,0.06961524918782513,0.02577873459604843,[2.       2.000005 2.       ... 1.900761 1.900837 1.90092 ],[180.    179.999 179.996 ... 172.893 172.91  172.928]
240,50.0,17.0,0.08083518577957578,0.02613067757654928,[2.       2.000005 2.       ... 2.11193  2.11168  2.11144 ],[180.    179.999 179.996 ... 163.439 163.447 163.455]
241,50.0,18.0,0.08058784180908878,0.0247347537414488,[2.       2.000005 2.       ... 2.10533  2.10507  2.10483 ],[180.    179.999 179.996 ... 166.748 166.76  166.771]
242,50.0,19.0,0.08071232648762286,0.026101613460781343,[2.       2.000005 2.       ... 2.11227  2.11204  2.11184 ],[180.    179.999 179.996 ... 165.547 165.546 165.544]
244,50.0,20.0,0.08107570878268128,0.027652937868721715,[2.       2.000005 2.       ... 2.12319  2.12287  2.12256 ],[180.    179.999 179.996 ... 162.757 162.785 162.812]
252,55.0,0.0,0.04196327093063313,0.11326940173597265,[2.       2.000005 2.       ... 2.1305   2.12989  2.12932 ],[180.    179.999 179.996 ... 104.846 104.84  104.834]
253,55.0,1.0,0.076725326757477,0.12879369398680857,[2.       2.000005 2.       ... 2.23862  2.23797  2.23733 ],[180.    179.999 179.996 ... 163.616 163.689 163.762]
264,55.0,2.0,0.08513103366204142,0.13056133623244923,[2.       2.000005 2.       ... 2.145198 2.145493 2.145775],[180.    179.999 179.996 ... 131.025 130.974 130.925]
266,55.0,3.0,0.0750683446469802,0.10305577377540016,[2.       2.000005 2.       ... 2.099894 2.099734 2.099564],[180.    179.999 179.996 ... 128.606 128.629 128.654]
267,55.0,4.0,0.07363148106083117,0.0892002974062234,[2.       2.000005 2.       ... 1.988703 1.988176 1.987649],[180.    179.999 179.996 ... 157.208 157.333 157.46 ]
268,55.0,5.0,0.07025438426174462,0.05288072450634343,[2.       2.000005 2.       ... 1.910865 1.910743 1.910626],[180.    179.999 179.996 ... 153.156 153.285 153.416]
269,55.0,6.0,0.06956085020352595,0.03532094828942299,[2.       2.000005 2.       ... 1.887247 1.88736  1.887483],[180.    179.999 179.996 ... 166.71  166.66  166.608]
270,55.0,7.0,0.06826634333448513,0.036162584991272576,[2.       2.000005 2.       ... 1.907817 1.907972 1.908135],[180.    179.999 179.996 ... 160.164 160.115 160.066]
271,55.0,8.0,0.07606641417863677,0.037922836744745024,[2.       2.000005 2.       ... 1.905824 1.906335 1.906868],[180.    179.999 179.996 ... 157.545 157.498 157.45 ]
272,55.0,9.0,0.07175518330894873,0.03201393987356409,[2.       2.000005 2.       ... 1.898953 1.898928 1.898912],[180.    179.999 179.996 ... 159.613 159.617 159.62 ]
254,55.0,10.0,0.07284740732024743,0.0367577645510031,[2.       2.000005 2.       ... 1.893723 1.893674 1.893633],[180.    179.999 179.996 ... 158.798 158.805 158.81 ]
255,55.0,11.0,0.07272429426948969,0.04470535751803646,[2.       2.000005 2.       ... 1.9025   1.902098 1.901705],[180.    179.999 179.996 ... 156.302 156.388 156.473]
256,55.0,12.0,0.07062369916585715,0.04487043946447782,[2.       2.000005 2.       ... 1.875143 1.874918 1.874705],[180.    179.999 179.996 ... 169.305 169.41  169.511]
257,55.0,13.0,0.06947120736159385,0.03727166440131963,[2.       2.000005 2.       ... 1.886313 1.886472 1.886637],[180.    179.999 179.996 ... 168.603 168.522 168.441]
258,55.0,14.0,0.06868214636475319,0.029080440007066395,[2.       2.000005 2.       ... 1.886909 1.887012 1.887118],[180.    179.999 179.996 ... 169.275 169.239 169.205]
259,55.0,15.0,0.07380599230830939,0.02986366038575697,[2.       2.000005 2.       ... 1.874837 1.875237 1.875652],[180.    179.999 179.996 ... 169.69  169.625 169.562]
260,55.0,16.0,0.0790314720956094,0.0320767206341294,[2.       2.000005 2.       ... 2.043281 2.043067 2.042853],[180.    179.999 179.996 ... 161.43  161.422 161.413]
261,55.0,17.0,0.07894527196399471,0.026897770330830795,[2.       2.000005 2.       ... 2.042776 2.042487 2.04222 ],[180.    179.999 179.996 ... 162.293 162.299 162.304]
262,55.0,18.0,0.0789837468851608,0.02565584505410366,[2.       2.000005 2.       ... 2.035469 2.035154 2.034839],[180.    179.999 179.996 ... 165.308 165.323 165.337]
263,55.0,19.0,0.07925043963100656,0.027485337330408432,[2.       2.000005 2.       ... 2.039363 2.039047 2.038743],[180.    179.999 179.996 ... 164.225 164.233 164.24 ]
265,55.0,20.0,0.07964436708574515,0.02908363392306135,[2.       2.000005 2.       ... 2.04505  2.04462  2.04419 ],[180.    179.999 179.996 ... 162.157 162.201 162.243]
273,60.0,0.0,0.043018594048674176,0.11839960033221426,[2.       2.000005 2.       ... 2.09187  2.09187  2.09188 ],[180.     179.999  179.996  ...  95.878   95.8379  95.7981]
274,60.0,1.0,0.07187701516055724,0.13286411271656906,[2.       2.000005 2.       ... 2.2738   2.27333  2.27286 ],[180.    179.999 179.996 ... 142.647 142.653 142.661]
285,60.0,2.0,0.08120013228393998,0.13014921610934774,[2.       2.000005 2.       ... 2.081128 2.082019 2.08291 ],[180.    179.999 179.996 ... 137.2   137.15  137.1  ]
287,60.0,3.0,0.06977233387229384,0.10446127057079652,[2.       2.000005 2.       ... 2.099486 2.099065 2.098627],[180.    179.999 179.996 ... 129.496 129.559 129.623]
288,60.0,4.0,0.07162658759600529,0.09233530561995816,[2.       2.000005 2.       ... 1.913879 1.913548 1.913233],[180.    179.999 179.996 ... 162.87  162.975 163.08 ]
289,60.0,5.0,0.07715530324262802,0.06487320970910151,[2.       2.000005 2.       ... 1.949462 1.949898 1.950351],[180.    179.999 179.996 ... 172.163 172.016 171.867]
290,60.0,6.0,0.07647066771427248,0.05890839939603704,[2.       2.000005 2.       ... 2.010931 2.011675 2.012435],[180.    179.999 179.996 ... 153.634 153.484 153.333]
291,60.0,7.0,0.076869987704612,0.048854111978648244,[2.       2.000005 2.       ... 2.04151  2.04203  2.04256 ],[180.    179.999 179.996 ... 143.927 143.846 143.765]
292,60.0,8.0,0.07690825522039377,0.045164157792783884,[2.       2.000005 2.       ... 2.022033 2.022143 2.022267],[180.    179.999 179.996 ... 145.435 145.43  145.426]
293,60.0,9.0,0.07829225935655854,0.04146485693210564,[2.       2.000005 2.       ... 1.961974 1.962149 1.962334],[180.    179.999 179.996 ... 159.455 159.493 159.531]
275,60.0,10.0,0.07851695483826485,0.043055002406979064,[2.       2.000005 2.       ... 1.98029  1.980425 1.980558],[180.    179.999 179.996 ... 159.945 159.997 160.049]
276,60.0,11.0,0.07801845652514357,0.043785750776646246,[2.       2.000005 2.       ... 2.00005  2.000015 1.999991],[180.    179.999 179.996 ... 156.417 156.473 156.528]
277,60.0,12.0,0.07806567588978289,0.042246219536410695,[2.       2.000005 2.       ... 1.972927 1.972962 1.973009],[180.    179.999 179.996 ... 162.556 162.589 162.619]
278,60.0,13.0,0.07840765032210006,0.039163837272793954,[2.       2.000005 2.       ... 1.962136 1.962476 1.962827],[180.    179.999 179.996 ... 165.072 164.984 164.895]
279,60.0,14.0,0.07853595540448312,0.03803972966224536,[2.       2.000005 2.       ... 1.9738   1.974183 1.974575],[180.    179.999 179.996 ... 160.616 160.537 160.459]
280,60.0,15.0,0.07840168572669012,0.03764430562260724,[2.       2.000005 2.       ... 1.978961 1.979174 1.979407],[180.    179.999 179.996 ... 158.985 158.965 158.946]
281,60.0,16.0,0.07820910525013282,0.03373498063434038,[2.       2.000005 2.       ... 1.978265 1.978384 1.978524],[180.    179.999 179.996 ... 159.67  159.678 159.687]
282,60.0,17.0,0.07816959205931003,0.028160871429761623,[2.       2.000005 2.       ... 1.975565 1.975619 1.975681],[180.    179.999 179.996 ... 160.788 160.815 160.842]
283,60.0,18.0,0.07830006408540933,0.02619938305436923,[2.       2.000005 2.       ... 1.964261 1.964319 1.964387],[180.    179.999 179.996 ... 164.778 164.81  164.842]
284,60.0,19.0,0.07855330891051945,0.027980093754904053,[2.       2.000005 2.       ... 1.96818  1.96829  1.968409],[180.    179.999 179.996 ... 163.815 163.833 163.851]
286,60.0,20.0,0.07890959010768589,0.029818959938751406,[2.       2.000005 2.       ... 1.975084 1.975108 1.975144],[180.    179.999 179.996 ... 161.999 162.053 162.106]
294,65.0,0.0,0.03556134053543599,0.14653450594197806,[2.       2.000005 2.       ... 2.11284  2.11274  2.11267 ],[180.    179.999 179.996 ... 127.516 127.48  127.443]
295,65.0,1.0,0.07240741559981026,0.14280138146984733,[2.       2.000005 2.       ... 2.3356   2.33482  2.33404 ],[180.    179.999 179.996 ... 126.569 126.605 126.643]
306,65.0,2.0,0.08138194401042546,0.12885382519338087,[2.       2.000005 2.       ... 2.03334  2.03472  2.03608 ],[180.    179.999 179.996 ... 162.861 162.824 162.788]
308,65.0,3.0,0.0680195874333108,0.0956307574591467,[2.       2.000005 2.       ... 1.981822 1.982207 1.982603],[180.    179.999 179.996 ... 174.83  174.872 174.913]
309,65.0,4.0,0.06670650055653,0.08213634965191494,[2.       2.000005 2.       ... 1.911554 1.91146  1.911375],[180.    179.999 179.996 ... 145.253 145.336 145.42 ]
310,65.0,5.0,0.0741982799114848,0.06633844619778134,[2.       2.000005 2.       ... 1.958864 1.959276 1.95971 ],[180.    179.999 179.996 ... 172.226 172.197 172.164]
311,65.0,6.0,0.07286681304955282,0.06237369306798413,[2.       2.000005 2.       ... 2.019428 2.020116 2.020807],[180.    179.999 179.996 ... 155.08  154.955 154.828]
312,65.0,7.0,0.07323546809151725,0.05282604880065777,[2.       2.000005 2.       ... 2.053987 2.054457 2.054933],[180.    179.999 179.996 ... 145.014 144.967 144.92 ]
313,65.0,8.0,0.07375068042262967,0.04798492348991684,[2.       2.000005 2.       ... 2.036649 2.03681  2.036975],[180.    179.999 179.996 ... 147.178 147.207 147.236]
314,65.0,9.0,0.07512439039119628,0.042893589312533606,[2.       2.000005 2.       ... 2.000642 2.000952 2.001265],[180.    179.999 179.996 ... 159.994 160.048 160.103]
296,65.0,10.0,0.07544822086008128,0.042010828809198875,[2.       2.000005 2.       ... 2.017891 2.018113 2.018351],[180.    179.999 179.996 ... 161.377 161.432 161.487]
297,65.0,11.0,0.0749177175242639,0.041545486182077096,[2.       2.000005 2.       ... 2.023047 2.023093 2.023156],[180.    179.999 179.996 ... 158.521 158.589 158.655]
298,65.0,12.0,0.07483944739320265,0.04005226531456123,[2.       2.000005 2.       ... 1.989049 1.989227 1.989422],[180.    179.999 179.996 ... 165.824 165.868 165.91 ]
299,65.0,13.0,0.07513146275772588,0.036527771676968135,[2.       2.000005 2.       ... 1.981314 1.981818 1.982329],[180.    179.999 179.996 ... 167.785 167.688 167.59 ]
300,65.0,14.0,0.07525305699326747,0.03511683966496011,[2.       2.000005 2.       ... 1.993884 1.994409 1.994939],[180.    179.999 179.996 ... 162.742 162.669 162.597]
301,65.0,15.0,0.07508639718835208,0.03474875098171908,[2.       2.000005 2.       ... 1.997029 1.997419 1.997804],[180.    179.999 179.996 ... 161.62  161.605 161.59 ]
302,65.0,16.0,0.07481348082731605,0.0317908108010381,[2.       2.000005 2.       ... 1.996053 1.996391 1.996733],[180.    179.999 179.996 ... 162.31  162.316 162.321]
303,65.0,17.0,0.07476047562520162,0.02674622169959643,[2.       2.000005 2.       ... 1.994735 1.995035 1.99534 ],[180.    179.999 179.996 ... 163.145 163.166 163.186]
304,65.0,18.0,0.07490996041964858,0.025123792390218946,[2.       2.000005 2.       ... 1.987969 1.98829  1.988616],[180.    179.999 179.996 ... 166.486 166.508 166.529]
305,65.0,19.0,0.0750204425932267,0.02693709675722519,[2.       2.000005 2.       ... 1.995904 1.996247 1.996595],[180.    179.999 179.996 ... 165.001 165.016 165.029]
307,65.0,20.0,0.07513437431180589,0.028760665139982215,[2.       2.000005 2.       ... 2.004218 2.004429 2.004647],[180.    179.999 179.996 ... 163.527 163.587 163.646]
315,70.0,0.0,0.033650102914654874,0.17421472967496446,[2.       2.000005 2.       ... 2.055276 2.05562  2.055982],[180.    179.999 179.996 ... 138.983 138.931 138.878]
316,70.0,1.0,0.07111705370425324,0.15121920913653325,[2.       2.000005 2.       ... 2.35115  2.34978  2.34842 ],[180.    179.999 179.996 ... 134.927 135.021 135.116]
327,70.0,2.0,0.07516290744441213,0.11776851930840379,[2.       2.000005 2.       ... 2.15692  2.15813  2.15932 ],[180.    179.999 179.996 ... 142.011 141.989 141.968]
329,70.0,3.0,0.06259313431457357,0.09575423001507702,[2.       2.000005 2.       ... 1.976742 1.977098 1.977471],[180.    179.999 179.996 ... 140.289 140.317 140.345]
330,70.0,4.0,0.06712860569916314,0.07766885849810534,[2.       2.000005 2.       ... 1.910252 1.910982 1.911731],[180.    179.999 179.996 ... 157.328 157.257 157.184]
331,70.0,5.0,0.07760723003636101,0.05554244791319914,[2.       2.000005 2.       ... 1.967723 1.968895 1.970084],[180.    179.999 179.996 ... 157.246 157.238 157.23 ]
332,70.0,6.0,0.06737546607800057,0.061490304774540414,[2.       2.000005 2.       ... 2.044186 2.044929 2.045691],[180.    179.999 179.996 ... 156.862 156.729 156.595]
333,70.0,7.0,0.0672919497888541,0.051368758167859456,[2.       2.000005 2.       ... 2.08587  2.08645  2.08705 ],[180.    179.999 179.996 ... 148.417 148.369 148.322]
334,70.0,8.0,0.06802227672848193,0.04575606373833241,[2.       2.000005 2.       ... 2.07941  2.0797   2.08001 ],[180.    179.999 179.996 ... 150.774 150.802 150.83 ]
335,70.0,9.0,0.06928945190638752,0.042184199307441404,[2.       2.000005 2.       ... 2.057683 2.058024 2.058357],[180.    179.999 179.996 ... 161.425 161.479 161.534]
317,70.0,10.0,0.06957859819485905,0.041682819882349696,[2.       2.000005 2.       ... 2.0723   2.07252  2.07275 ],[180.    179.999 179.996 ... 161.531 161.587 161.643]
318,70.0,11.0,0.06913175937486235,0.041060351395213954,[2.       2.000005 2.       ... 2.07195  2.07207  2.0722  ],[180.    179.999 179.996 ... 159.212 159.278 159.344]
319,70.0,12.0,0.0688635413284756,0.03938726989547042,[2.       2.000005 2.       ... 2.03935  2.03967  2.04    ],[180.    179.999 179.996 ... 166.778 166.815 166.85 ]
320,70.0,13.0,0.06892529089976841,0.03581650071343086,[2.       2.000005 2.       ... 2.03599  2.03666  2.03733 ],[180.    179.999 179.996 ... 168.052 167.952 167.85 ]
321,70.0,14.0,0.06894675945727179,0.034208070141553554,[2.       2.000005 2.       ... 2.05071  2.0514   2.0521  ],[180.    179.999 179.996 ... 163.026 162.955 162.884]
322,70.0,15.0,0.06872206741521858,0.03379008406358795,[2.       2.000005 2.       ... 2.05582  2.0564   2.05697 ],[180.    179.999 179.996 ... 162.078 162.06  162.043]
323,70.0,16.0,0.06839123693897195,0.031700912518299595,[2.       2.000005 2.       ... 2.058    2.05853  2.05907 ],[180.    179.999 179.996 ... 162.514 162.515 162.515]
324,70.0,17.0,0.06828941126088085,0.02695912850780399,[2.       2.000005 2.       ... 2.059553 2.060029 2.060509],[180.    179.999 179.996 ... 162.948 162.963 162.978]
325,70.0,18.0,0.0684003487753375,0.024902670517148968,[2.       2.000005 2.       ... 2.053936 2.054387 2.054851],[180.    179.999 179.996 ... 165.845 165.864 165.882]
326,70.0,19.0,0.06847469606587997,0.026516538822438207,[2.       2.000005 2.       ... 2.060149 2.060581 2.061027],[180.    179.999 179.996 ... 164.596 164.613 164.63 ]
328,70.0,20.0,0.06852636231073816,0.028383359809404644,[2.       2.000005 2.       ... 2.065221 2.065511 2.065795],[180.    179.999 179.996 ... 163.607 163.669 163.73 ]
336,75.0,0.0,0.030539944452789937,0.19328674126579753,[2.       2.000005 2.       ... 2.09658  2.09565  2.09474 ],[180.    179.999 179.996 ... 104.227 104.252 104.276]
337,75.0,1.0,0.07021811248930206,0.1509116642468815,[2.       2.000005 2.       ... 2.31514  2.31339  2.31164 ],[180.    179.999 179.996 ... 138.495 138.603 138.711]
348,75.0,2.0,0.06841192339123463,0.11145378658917472,[2.       2.000005 2.       ... 2.23261  2.23307  2.23352 ],[180.    179.999 179.996 ... 130.367 130.387 130.408]
350,75.0,3.0,0.05405481865604514,0.09122184700125925,[2.       2.000005 2.       ... 1.961058 1.961484 1.961926],[180.    179.999 179.996 ... 169.813 169.792 169.769]
351,75.0,4.0,0.062353706247099544,0.09072804667881153,[2.       2.000005 2.       ... 1.968948 1.969347 1.969753],[180.    179.999 179.996 ... 135.137 135.192 135.249]
352,75.0,5.0,0.06635255310649774,0.055149970429310545,[2.       2.000005 2.       ... 1.994592 1.995336 1.996088],[180.    179.999 179.996 ... 161.921 161.891 161.86 ]
353,75.0,6.0,0.06125273635783413,0.05975936065992043,[2.       2.000005 2.       ... 2.11473  2.11565  2.11658 ],[180.    179.999 179.996 ... 153.448 153.322 153.195]
354,75.0,7.0,0.060336721868469126,0.05019932183892271,[2.       2.000005 2.       ... 2.15266  2.15329  2.15391 ],[180.    179.999 179.996 ... 148.342 148.305 148.268]
355,75.0,8.0,0.06081119234366185,0.04550046139949607,[2.       2.000005 2.       ... 2.13885  2.13913  2.13942 ],[180.    179.999 179.996 ... 152.417 152.456 152.495]
356,75.0,9.0,0.061669571733661,0.044488232131227816,[2.       2.000005 2.       ... 2.11273  2.11304  2.11337 ],[180.    179.999 179.996 ... 162.877 162.934 162.991]
338,75.0,10.0,0.061966607104342646,0.04364835421007913,[2.       2.000005 2.       ... 2.12724  2.12748  2.12772 ],[180.    179.999 179.996 ... 161.865 161.933 162.002]
339,75.0,11.0,0.06183964466487714,0.041668380094552565,[2.       2.000005 2.       ... 2.12918  2.12937  2.12955 ],[180.    179.999 179.996 ... 160.102 160.181 160.259]
340,75.0,12.0,0.06148260188530293,0.0394612423129532,[2.       2.000005 2.       ... 2.10302  2.10344  2.10387 ],[180.    179.999 179.996 ... 167.238 167.275 167.308]
341,75.0,13.0,0.06129301187314703,0.035844624919696595,[2.       2.000005 2.       ... 2.10502  2.10578  2.10653 ],[180.    179.999 179.996 ... 167.781 167.685 167.588]
342,75.0,14.0,0.06120982109999667,0.03409101245430097,[2.       2.000005 2.       ... 2.12197  2.12273  2.12349 ],[180.    179.999 179.996 ... 162.952 162.886 162.82 ]
343,75.0,15.0,0.06092109297001074,0.03365180046094657,[2.       2.000005 2.       ... 2.12807  2.1287   2.12932 ],[180.    179.999 179.996 ... 162.067 162.052 162.037]
344,75.0,16.0,0.060514224052621995,0.031889652190826276,[2.       2.000005 2.       ... 2.13052  2.13106  2.13163 ],[180.    179.999 179.996 ... 162.241 162.245 162.249]
345,75.0,17.0,0.06034932214035046,0.027259752727355726,[2.       2.000005 2.       ... 2.13124  2.13173  2.13221 ],[180.    179.999 179.996 ... 162.573 162.595 162.616]
346,75.0,18.0,0.060403690290932885,0.024988600100729532,[2.       2.000005 2.       ... 2.12401  2.12448  2.12495 ],[180.    179.999 179.996 ... 165.562 165.589 165.616]
347,75.0,19.0,0.0605087559481613,0.026561677411284155,[2.       2.000005 2.       ... 2.12831  2.12877  2.12924 ],[180.    179.999 179.996 ... 164.626 164.652 164.677]
349,75.0,20.0,0.060627024605207566,0.028645847156456607,[2.       2.000005 2.       ... 2.13273  2.13306  2.13339 ],[180.    179.999 179.996 ... 163.673 163.741 163.808]
357,80.0,0.0,0.03171357466008514,0.18864148163144254,[2.       2.000005 2.       ... 2.1229   2.12312  2.12337 ],[180.    179.999 179.996 ... 130.14  130.097 130.053]
358,80.0,1.0,0.07000605779868484,0.14005987195112396,[2.       2.000005 2.       ... 2.2118   2.2095   2.20721 ],[180.    179.999 179.996 ... 133.882 133.985 134.089]
369,80.0,2.0,0.06417596758241514,0.10651489842411224,[2.       2.000005 2.       ... 2.24789  2.24809  2.24828 ],[180.    179.999 179.996 ... 130.83  130.871 130.915]
371,80.0,3.0,0.05219613849977436,0.09262315456022148,[2.       2.000005 2.       ... 1.957928 1.958454 1.959002],[180.    179.999 179.996 ... 174.193 174.168 174.14 ]
372,80.0,4.0,0.06015298190016242,0.09369111833285441,[2.       2.000005 2.       ... 2.004248 2.004429 2.004608],[180.    179.999 179.996 ... 131.718 131.786 131.857]
373,80.0,5.0,0.06117639144728625,0.0588548557487494,[2.       2.000005 2.       ... 2.09228  2.09351  2.09475 ],[180.    179.999 179.996 ... 165.036 165.012 164.988]
374,80.0,6.0,0.057245410553878724,0.04848034382980515,[2.       2.000005 2.       ... 2.093246 2.093976 2.094721],[180.    179.999 179.996 ... 153.962 154.037 154.113]
375,80.0,7.0,0.05342766959830746,0.047041128922041195,[2.       2.000005 2.       ... 2.19832  2.19856  2.19881 ],[180.    179.999 179.996 ... 149.501 149.493 149.485]
376,80.0,8.0,0.053603486156187395,0.0426316031129288,[2.       2.000005 2.       ... 2.17095  2.17095  2.17097 ],[180.    179.999 179.996 ... 155.986 156.043 156.1  ]
377,80.0,9.0,0.05423218858650169,0.04540650262291563,[2.       2.000005 2.       ... 2.14761  2.14781  2.148   ],[180.    179.999 179.996 ... 165.616 165.673 165.731]
359,80.0,10.0,0.05436251591451404,0.04698253699832858,[2.       2.000005 2.       ... 2.16476  2.16488  2.16501 ],[180.    179.999 179.996 ... 163.399 163.482 163.567]
360,80.0,11.0,0.054210318079820324,0.043769078364560184,[2.       2.000005 2.       ... 2.16519  2.16521  2.16525 ],[180.    179.999 179.996 ... 162.995 163.082 163.169]
361,80.0,12.0,0.05380326701740779,0.040057476058361415,[2.       2.000005 2.       ... 2.14403  2.14428  2.14454 ],[180.    179.999 179.996 ... 168.613 168.622 168.628]
362,80.0,13.0,0.05345986692013088,0.036405586776749446,[2.       2.000005 2.       ... 2.14954  2.15005  2.15058 ],[180.    179.999 179.996 ... 167.007 166.906 166.803]
363,80.0,14.0,0.053292017392451214,0.034851105563423974,[2.       2.000005 2.       ... 2.16571  2.16618  2.16665 ],[180.    179.999 179.996 ... 162.637 162.576 162.514]
364,80.0,15.0,0.052981792695087127,0.03441320494130085,[2.       2.000005 2.       ... 2.16968  2.16998  2.17028 ],[180.    179.999 179.996 ... 162.119 162.111 162.104]
365,80.0,16.0,0.052548622752337605,0.03225179151985949,[2.       2.000005 2.       ... 2.16855  2.16878  2.16899 ],[180.    179.999 179.996 ... 162.931 162.947 162.962]
366,80.0,17.0,0.05234895422256784,0.027249773540185842,[2.       2.000005 2.       ... 2.16772  2.16789  2.16807 ],[180.    179.999 179.996 ... 164.069 164.099 164.128]
367,80.0,18.0,0.052348863009015416,0.02501829808349256,[2.       2.000005 2.       ... 2.16312  2.16332  2.16352 ],[180.    179.999 179.996 ... 167.209 167.238 167.266]
368,80.0,19.0,0.05616070896880062,0.03757283271135647,[2.       2.000005 2.       ... 2.133087 2.13445  2.135828],[180.    179.999 179.996 ... 167.746 167.69  167.633]
370,80.0,20.0,0.05564458524199353,0.03878160105635513,[2.       2.000005 2.       ... 2.162096 2.163472 2.164847],[180.    179.999 179.996 ... 158.641 158.603 158.568]
378,85.0,0.0,0.032438395494630116,0.19039535907066382,[2.       2.000005 2.       ... 2.122409 2.122392 2.12239 ],[180.    179.999 179.996 ... 125.281 125.246 125.21 ]
379,85.0,1.0,0.07059541635705635,0.1383701680831126,[2.       2.000005 2.       ... 2.09457  2.09214  2.08973 ],[180.    179.999 179.996 ... 132.711 132.827 132.944]
390,85.0,2.0,0.06038998888876645,0.10291075100731738,[2.       2.000005 2.       ... 2.23837  2.23796  2.23754 ],[180.    179.999 179.996 ... 130.657 130.724 130.792]
392,85.0,3.0,0.050770719021514636,0.093785890579439,[2.       2.000005 2.       ... 1.967815 1.968547 1.969295],[180.    179.999 179.996 ... 177.368 177.284 177.198]
393,85.0,4.0,0.05920897444150841,0.07155078627086658,[2.       2.000005 2.       ... 2.098627 2.099655 2.100699],[180.    179.999 179.996 ... 157.97  157.931 157.891]
394,85.0,5.0,0.0511848806911304,0.05223119540385262,[2.       2.000005 2.       ... 2.078776 2.0796   2.080437],[180.    179.999 179.996 ... 165.636 165.59  165.543]
395,85.0,6.0,0.0506223079611903,0.03301248718531928,[2.       2.000005 2.       ... 2.079403 2.080163 2.080946],[180.    179.999 179.996 ... 162.888 162.846 162.802]
396,85.0,7.0,0.046466695597842084,0.0442609196921993,[2.       2.000005 2.       ... 2.19018  2.19021  2.19025 ],[180.    179.999 179.996 ... 152.429 152.427 152.425]
397,85.0,8.0,0.046434945266612626,0.03989280512636368,[2.       2.000005 2.       ... 2.16558  2.16546  2.16535 ],[180.    179.999 179.996 ... 158.676 158.729 158.782]
398,85.0,9.0,0.04704405413317177,0.042878115557996505,[2.       2.000005 2.       ... 2.15648  2.15653  2.15658 ],[180.    179.999 179.996 ... 165.762 165.813 165.864]
380,85.0,10.0,0.04747330878661911,0.04605658055213046,[2.       2.000005 2.       ... 2.17245  2.17233  2.17222 ],[180.    179.999 179.996 ... 163.774 163.859 163.945]
381,85.0,11.0,0.04728811117869435,0.043894256325368364,[2.       2.000005 2.       ... 2.15905  2.15884  2.15865 ],[180.    179.999 179.996 ... 164.487 164.559 164.629]
382,85.0,12.0,0.04663302643065735,0.039600656788642774,[2.       2.000005 2.       ... 2.13583  2.13592  2.13601 ],[180.    179.999 179.996 ... 168.754 168.725 168.693]
383,85.0,13.0,0.04617650348734172,0.03568695915392621,[2.       2.000005 2.       ... 2.14366  2.144    2.14435 ],[180.    179.999 179.996 ... 166.059 165.959 165.858]
384,85.0,14.0,0.04595683757653013,0.03451194889467122,[2.       2.000005 2.       ... 2.15961  2.15988  2.16016 ],[180.    179.999 179.996 ... 162.142 162.087 162.032]
385,85.0,15.0,0.045609558778267195,0.034332506294211515,[2.       2.000005 2.       ... 2.16186  2.16196  2.16206 ],[180.    179.999 179.996 ... 162.046 162.044 162.044]
386,85.0,16.0,0.04515442236239173,0.03224002612776291,[2.       2.000005 2.       ... 2.15954  2.15959  2.15963 ],[180.    179.999 179.996 ... 163.183 163.2   163.217]
387,85.0,17.0,0.0449442632454878,0.02714304250080089,[2.       2.000005 2.       ... 2.15997  2.15999  2.16002 ],[180.    179.999 179.996 ... 164.338 164.362 164.386]
388,85.0,18.0,0.048738311104862195,0.03016698716464768,[2.       2.000005 2.       ... 2.067539 2.068232 2.068943],[180.    179.999 179.996 ... 170.305 170.326 170.347]
389,85.0,19.0,0.04946487370327213,0.029654577369213665,[2.       2.000005 2.       ... 2.066144 2.066793 2.067449],[180.    179.999 179.996 ... 175.043 175.107 175.17 ]
391,85.0,20.0,0.0513015587536446,0.04100435926758154,[2.       2.000005 2.       ... 2.177093 2.178101 2.179118],[180.    179.999 179.996 ... 160.393 160.345 160.297]
399,90.0,0.0,0.04340987202684912,0.19137977050199773,[2.       2.000005 2.       ... 2.122003 2.123315 2.124643],[180.    179.999 179.996 ... 116.846 116.715 116.583]
400,90.0,1.0,0.06776979387385966,0.15290517690395006,[2.       2.000005 2.       ... 2.20807  2.20598  2.2039  ],[180.    179.999 179.996 ... 139.307 139.427 139.548]
411,90.0,2.0,0.05788095054733805,0.10248918846561014,[2.       2.000005 2.       ... 2.02006  2.018931 2.017795],[180.    179.999 179.996 ... 127.723 127.816 127.91 ]
413,90.0,3.0,0.04974527961709814,0.08936528709259935,[2.       2.000005 2.       ... 1.997191 1.998146 1.999113],[180.    179.999 179.996 ... 169.29  169.263 169.236]
414,90.0,4.0,0.050098129491820416,0.08973877251394541,[2.       2.000005 2.       ... 2.03685  2.036581 2.036311],[180.    179.999 179.996 ... 139.968 140.073 140.179]
415,90.0,5.0,0.04573489154274399,0.04423633401409991,[2.       2.000005 2.       ... 2.081443 2.082076 2.082728],[180.    179.999 179.996 ... 164.035 163.996 163.956]
416,90.0,6.0,0.046124954215034944,0.034323897500880385,[2.       2.000005 2.       ... 2.081392 2.082052 2.082715],[180.    179.999 179.996 ... 163.717 163.675 163.632]
417,90.0,7.0,0.041033118936431905,0.0435195512638891,[2.       2.000005 2.       ... 2.18627  2.18617  2.18607 ],[180.    179.999 179.996 ... 153.015 153.015 153.016]
418,90.0,8.0,0.04103460356254136,0.03946328249069635,[2.       2.000005 2.       ... 2.16492  2.16468  2.16442 ],[180.    179.999 179.996 ... 158.793 158.846 158.899]
419,90.0,9.0,0.041639133989456276,0.042182554034085815,[2.       2.000005 2.       ... 2.15723  2.15708  2.15694 ],[180.    179.999 179.996 ... 165.248 165.305 165.362]
401,90.0,10.0,0.04207624869127475,0.04521382710425921,[2.       2.000005 2.       ... 2.16197  2.16164  2.16131 ],[180.    179.999 179.996 ... 164.55  164.642 164.735]
402,90.0,11.0,0.041874510473604465,0.0434364596408655,[2.       2.000005 2.       ... 2.14317  2.14288  2.14258 ],[180.    179.999 179.996 ... 165.12  165.182 165.241]
403,90.0,12.0,0.04115112088522378,0.03961309901718991,[2.       2.000005 2.       ... 2.12723  2.12728  2.12732 ],[180.    179.999 179.996 ... 168.593 168.564 168.533]
404,90.0,13.0,0.04065538133506738,0.0359298708899675,[2.       2.000005 2.       ... 2.1403   2.14057  2.14084 ],[180.    179.999 179.996 ... 166.253 166.156 166.058]
405,90.0,14.0,0.04042881455771543,0.034592662167179634,[2.       2.000005 2.       ... 2.156555 2.15671  2.156866],[180.    179.999 179.996 ... 162.347 162.295 162.243]
406,90.0,15.0,0.040091695642621696,0.03422915694978897,[2.       2.000005 2.       ... 2.157407 2.157373 2.15734 ],[180.    179.999 179.996 ... 162.266 162.268 162.271]
407,90.0,16.0,0.03966764749348586,0.03221323573041651,[2.       2.000005 2.       ... 2.15482  2.15474  2.15466 ],[180.    179.999 179.996 ... 163.432 163.451 163.47 ]
408,90.0,17.0,0.04095090700887502,0.023769642476083243,[2.       2.000005 2.       ... 2.083243 2.083881 2.084527],[180.    179.999 179.996 ... 174.226 174.255 174.285]
409,90.0,18.0,0.04098233529768933,0.02476520191204467,[2.       2.000005 2.       ... 2.079683 2.080309 2.080942],[180.    179.999 179.996 ... 175.059 175.122 175.186]
410,90.0,19.0,0.046283745078937906,0.030408578657028625,[2.       2.000005 2.       ... 2.066345 2.066947 2.067558],[180.    179.999 179.996 ... 174.292 174.369 174.446]
412,90.0,20.0,0.04635624458911876,0.029203033556864766,[2.       2.000005 2.       ... 2.062458 2.06315  2.063861],[180.    179.999 179.996 ... 175.171 175.101 175.032]
420,95.0,0.0,0.053682246448313244,0.1524088468811622,[2.       2.000005 2.       ... 1.8816   1.88001  1.878465],[180.    179.999 179.996 ... 100.815 100.893 100.97 ]
421,95.0,1.0,0.0639215412287775,0.16334687266369688,[2.       2.000005 2.       ... 2.25909  2.2574   2.25571 ],[180.    179.999 179.996 ... 142.052 142.158 142.265]
432,95.0,2.0,0.05752606434418486,0.10013880157233501,[2.       2.000005 2.       ... 1.942834 1.942146 1.941455],[180.    179.999 179.996 ... 123.346 123.373 123.4  ]
434,95.0,3.0,0.05016784449616272,0.09206213858345805,[2.       2.000005 2.       ... 2.11799  2.11834  2.1187  ],[180.    179.999 179.996 ... 148.781 148.798 148.817]
435,95.0,4.0,0.0431393628730853,0.07519804205181714,[2.       2.000005 2.       ... 2.061298 2.061153 2.06101 ],[180.    179.999 179.996 ... 151.428 151.543 151.659]
436,95.0,5.0,0.042759699707525245,0.047357364058074856,[2.       2.000005 2.       ... 2.089066 2.090125 2.091205],[180.    179.999 179.996 ... 163.665 163.628 163.591]
437,95.0,6.0,0.042870853272808124,0.03325826629797486,[2.       2.000005 2.       ... 2.094527 2.095598 2.096681],[180.    179.999 179.996 ... 164.403 164.365 164.326]
438,95.0,7.0,0.03919979689490213,0.03721999419682087,[2.       2.000005 2.       ... 2.107917 2.108534 2.109169],[180.    179.999 179.996 ... 160.333 160.283 160.231]
439,95.0,8.0,0.03787225478460846,0.03923104174116082,[2.       2.000005 2.       ... 2.16536  2.16487  2.16439 ],[180.    179.999 179.996 ... 158.659 158.717 158.776]
440,95.0,9.0,0.0386013752056886,0.04209667766300625,[2.       2.000005 2.       ... 2.1556   2.15521  2.15482 ],[180.    179.999 179.996 ... 165.324 165.388 165.453]
422,95.0,10.0,0.03916531980719912,0.046168396318161206,[2.       2.000005 2.       ... 2.15282  2.1523   2.15177 ],[180.    179.999 179.996 ... 164.917 165.014 165.111]
423,95.0,11.0,0.03897302690200907,0.04619356818679516,[2.       2.000005 2.       ... 2.134    2.13359  2.13318 ],[180.    179.999 179.996 ... 164.951 165.017 165.081]
424,95.0,12.0,0.0380842922146579,0.04316042457414308,[2.       2.000005 2.       ... 2.12384  2.12375  2.12367 ],[180.    179.999 179.996 ... 168.542 168.521 168.497]
425,95.0,13.0,0.03741626501391671,0.038790693514765454,[2.       2.000005 2.       ... 2.138633 2.138717 2.138816],[180.    179.999 179.996 ... 166.502 166.399 166.295]
426,95.0,14.0,0.03709589847128135,0.03630596538672787,[2.       2.000005 2.       ... 2.153682 2.153623 2.153567],[180.    179.999 179.996 ... 162.635 162.579 162.523]
427,95.0,15.0,0.036713991611729425,0.035287910551069085,[2.       2.000005 2.       ... 2.153715 2.153457 2.153191],[180.    179.999 179.996 ... 162.716 162.72  162.724]
428,95.0,16.0,0.038803592580220175,0.028299504257103723,[2.       2.000005 2.       ... 2.113599 2.1141   2.114613],[180.    179.999 179.996 ... 170.321 170.364 170.408]
429,95.0,17.0,0.03811586812948309,0.024211961120371363,[2.       2.000005 2.       ... 2.110163 2.110637 2.111112],[180.    179.999 179.996 ... 174.4   174.422 174.446]
430,95.0,18.0,0.03890562519059969,0.025135938124615627,[2.       2.000005 2.       ... 2.10791  2.108418 2.108919],[180.    179.999 179.996 ... 174.354 174.418 174.482]
431,95.0,19.0,0.03903005806560555,0.027148304035199727,[2.       2.000005 2.       ... 2.104092 2.104637 2.105196],[180.    179.999 179.996 ... 178.912 178.852 178.788]
433,95.0,20.0,0.047774408797005966,0.041244175790625615,[2.       2.000005 2.       ... 2.20091  2.20218  2.20343 ],[180.    179.999 179.996 ... 158.363 158.303 158.245]
42,100.0,0.0,0.046082434171705135,0.17992288085831223,[2.       2.000005 2.       ... 2.12493  2.12561  2.12628 ],[180.    179.999 179.996 ... 129.785 129.76  129.735]
43,100.0,1.0,0.06040997391200777,0.1647006455610938,[2.       2.000005 2.       ... 2.19477  2.19304  2.19132 ],[180.    179.999 179.996 ... 149.028 149.163 149.3  ]
54,100.0,2.0,0.0553832518044737,0.09838865805481362,[2.       2.000005 2.       ... 1.946173 1.945538 1.944902],[180.    179.999 179.996 ... 120.392 120.406 120.421]
56,100.0,3.0,0.045519915391499605,0.0828166735517916,[2.       2.000005 2.       ... 2.08376  2.085094 2.086435],[180.    179.999 179.996 ... 147.352 147.339 147.326]
57,100.0,4.0,0.04206588086146658,0.05701118054772695,[2.       2.000005 2.       ... 2.152629 2.153436 2.154241],[180.    179.999 179.996 ... 158.997 159.008 159.017]
58,100.0,5.0,0.04158503060664312,0.036653331246062175,[2.       2.000005 2.       ... 2.139011 2.140065 2.141126],[180.    179.999 179.996 ... 164.536 164.506 164.475]
59,100.0,6.0,0.04295888214328959,0.028875268867141486,[2.       2.000005 2.       ... 2.148508 2.14955  2.1506  ],[180.    179.999 179.996 ... 164.921 164.882 164.843]
60,100.0,7.0,0.037653226810615004,0.03751265850725131,[2.       2.000005 2.       ... 2.110548 2.11103  2.111531],[180.    179.999 179.996 ... 160.095 160.043 159.991]
61,100.0,8.0,0.03597645852585477,0.03919497928827603,[2.       2.000005 2.       ... 2.14139  2.1407   2.14002 ],[180.    179.999 179.996 ... 159.482 159.546 159.609]
62,100.0,9.0,0.03663764706287388,0.0413217998466458,[2.       2.000005 2.       ... 2.13041  2.12988  2.12934 ],[180.    179.999 179.996 ... 167.378 167.447 167.517]
44,100.0,10.0,0.037395188080100505,0.04542832731494067,[2.       2.000005 2.       ... 2.12405  2.12351  2.12297 ],[180.    179.999 179.996 ... 167.385 167.475 167.566]
45,100.0,11.0,0.03771227601242494,0.048191619904978236,[2.       2.000005 2.       ... 2.1073   2.10696  2.10663 ],[180.    179.999 179.996 ... 167.115 167.145 167.173]
46,100.0,12.0,0.03693474372789097,0.04780779576126466,[2.       2.000005 2.       ... 2.10511  2.10508  2.10506 ],[180.    179.999 179.996 ... 168.246 168.146 168.044]
47,100.0,13.0,0.03782238028329174,0.0355092762386256,[2.       2.000005 2.       ... 2.111243 2.112041 2.112849],[180.    179.999 179.996 ... 169.419 169.334 169.248]
48,100.0,14.0,0.03764893171660999,0.03270875798778921,[2.       2.000005 2.       ... 2.128101 2.128812 2.129533],[180.    179.999 179.996 ... 163.585 163.535 163.486]
49,100.0,15.0,0.037309363672261994,0.03427580692878952,[2.       2.000005 2.       ... 2.135713 2.136132 2.136558],[180.    179.999 179.996 ... 162.329 162.339 162.35 ]
50,100.0,16.0,0.03695975776441052,0.030494494956236427,[2.       2.000005 2.       ... 2.118562 2.118887 2.119211],[180.    179.999 179.996 ... 168.921 168.961 169.001]
51,100.0,17.0,0.036149585228265085,0.0253337043358767,[2.       2.000005 2.       ... 2.108419 2.108701 2.108993],[180.    179.999 179.996 ... 172.6   172.624 172.65 ]
52,100.0,18.0,0.03660265069813294,0.025481980834952643,[2.       2.000005 2.       ... 2.105798 2.106086 2.106387],[180.    179.999 179.996 ... 173.45  173.513 173.578]
53,100.0,19.0,0.036485722580011606,0.026663464373276928,[2.       2.000005 2.       ... 2.101288 2.101604 2.101934],[180.    179.999 179.996 ... 179.186 179.206 179.219]
55,100.0,20.0,0.03677221248991556,0.028035433420600848,[2.       2.000005 2.       ... 2.101965 2.102383 2.102805],[180.    179.999 179.996 ... 173.468 173.403 173.338]
